frame_index,file,time_jd,exptime,source_id,role,x,y,aperture_sum,background_median,background_total,net_flux,aperture_radius,annulus_r_in,annulus_r_out
0,ali_cal_qatar1b-001.fit,2458040.248622685,60.0,target,target,470.49966584418956,203.9440744104383,100151.81463394816,54.92070624031851,8944.395179275756,91207.4194546724,7.2,21.6,36.0
0,ali_cal_qatar1b-001.fit,2458040.248622685,60.0,comp_1,comparison,479.74055078015635,304.5781784967526,77928.17231142338,53.90886417604508,8779.606415593913,69148.56589582947,7.2,21.6,36.0
0,ali_cal_qatar1b-001.fit,2458040.248622685,60.0,comp_2,comparison,441.0065903665022,348.8417074389071,62666.8869382854,53.44843408121025,8704.620695224376,53962.26624306103,7.2,21.6,36.0
0,ali_cal_qatar1b-001.fit,2458040.248622685,60.0,comp_3,comparison,444.5167368576684,45.6717098009526,58835.74454526592,55.48207295116616,9035.819453398173,49799.92509186775,7.2,21.6,36.0
0,ali_cal_qatar1b-001.fit,2458040.248622685,60.0,comp_4,comparison,534.9791186406161,318.952837293944,49699.7591578186,54.88316718428023,8938.281562484412,40761.47759533419,7.2,21.6,36.0
0,ali_cal_qatar1b-001.fit,2458040.248622685,60.0,comp_5,comparison,491.5768487369601,39.34793140729727,50815.40772872461,56.5803206251721,9214.68024877917,41600.72747994544,7.2,21.6,36.0
1,ali_cal_qatar1b-002.fit,2458040.249814815,80.0,target,target,470.49966584418956,203.9440744104383,134774.5339048461,77.84367709654803,12677.633953081242,122096.89995176485,7.2,21.6,36.0
1,ali_cal_qatar1b-002.fit,2458040.249814815,80.0,comp_1,comparison,479.74055078015635,304.5781784967526,103760.64434349914,78.19912608072968,12735.522432640866,91025.12191085827,7.2,21.6,36.0
1,ali_cal_qatar1b-002.fit,2458040.249814815,80.0,comp_2,comparison,441.0065903665022,348.8417074389071,83951.97492758404,75.19400954912825,12246.108663983148,71705.8662636009,7.2,21.6,36.0
1,ali_cal_qatar1b-002.fit,2458040.249814815,80.0,comp_3,comparison,444.5167368576684,45.6717098009526,79276.16876044302,77.60136567684276,12638.171075732002,66637.99768471102,7.2,21.6,36.0
1,ali_cal_qatar1b-002.fit,2458040.249814815,80.0,comp_4,comparison,534.9791186406161,318.952837293944,68438.30695546021,77.79279416329852,12669.347150270061,55768.95980519015,7.2,21.6,36.0
1,ali_cal_qatar1b-002.fit,2458040.249814815,80.0,comp_5,comparison,491.5768487369601,39.34793140729727,68152.13322811028,78.24559098184761,12743.089714018242,55409.04351409204,7.2,21.6,36.0
2,ali_cal_qatar1b-003.fit,2458040.2508564815,80.0,target,target,470.49966584418956,203.9440744104383,134430.81474535336,77.86281743053289,12680.751150996992,121750.06359435637,7.2,21.6,36.0
2,ali_cal_qatar1b-003.fit,2458040.2508564815,80.0,comp_1,comparison,479.74055078015635,304.5781784967526,104364.40106902612,77.18554421698747,12570.450324933669,91793.95074409245,7.2,21.6,36.0
2,ali_cal_qatar1b-003.fit,2458040.2508564815,80.0,comp_2,comparison,441.0065903665022,348.8417074389071,83595.50397285988,76.49189662456172,12457.482764854218,71138.02120800567,7.2,21.6,36.0
2,ali_cal_qatar1b-003.fit,2458040.2508564815,80.0,comp_3,comparison,444.5167368576684,45.6717098009526,79265.08941043788,77.51590110834258,12624.252302161483,66640.8371082764,7.2,21.6,36.0
2,ali_cal_qatar1b-003.fit,2458040.2508564815,80.0,comp_4,comparison,534.9791186406161,318.952837293944,68391.16129265446,77.61574353808449,12640.512656559751,55750.64863609471,7.2,21.6,36.0
2,ali_cal_qatar1b-003.fit,2458040.2508564815,80.0,comp_5,comparison,491.5768487369601,39.34793140729727,67703.50054515309,78.54185763118696,12791.339748869135,54912.160796283955,7.2,21.6,36.0
3,ali_cal_qatar1b-004.fit,2458040.251886574,80.0,target,target,470.49966584418956,203.9440744104383,135361.6994369387,78.51869720797788,12787.567838566401,122574.1315983723,7.2,21.6,36.0
3,ali_cal_qatar1b-004.fit,2458040.251886574,80.0,comp_1,comparison,479.74055078015635,304.5781784967526,104550.28722521805,78.09066541516009,12717.858510949533,91832.42871426852,7.2,21.6,36.0
3,ali_cal_qatar1b-004.fit,2458040.251886574,80.0,comp_2,comparison,441.0065903665022,348.8417074389071,85078.88307741097,78.08035136436925,12716.178762954874,72362.70431445609,7.2,21.6,36.0
3,ali_cal_qatar1b-004.fit,2458040.251886574,80.0,comp_3,comparison,444.5167368576684,45.6717098009526,79952.95824289467,79.90688719423838,13013.648686228773,66939.3095566659,7.2,21.6,36.0
3,ali_cal_qatar1b-004.fit,2458040.251886574,80.0,comp_4,comparison,534.9791186406161,318.952837293944,69347.02165149112,78.85781372560378,12842.796409957917,56504.2252415332,7.2,21.6,36.0
3,ali_cal_qatar1b-004.fit,2458040.251886574,80.0,comp_5,comparison,491.5768487369601,39.34793140729727,68978.32430915396,79.64506555507108,12971.008371354621,56007.31593779934,7.2,21.6,36.0
4,ali_cal_qatar1b-005.fit,2458040.2529166667,80.0,target,target,470.49966584418956,203.9440744104383,134486.18332810205,78.82345322041024,12837.200452475767,121648.98287562629,7.2,21.6,36.0
4,ali_cal_qatar1b-005.fit,2458040.2529166667,80.0,comp_1,comparison,479.74055078015635,304.5781784967526,104250.78487415572,78.19008744313305,12734.050398647116,91516.73447550861,7.2,21.6,36.0
4,ali_cal_qatar1b-005.fit,2458040.2529166667,80.0,comp_2,comparison,441.0065903665022,348.8417074389071,84761.55694610295,76.52795059293285,12463.354520025781,72298.20242607717,7.2,21.6,36.0
4,ali_cal_qatar1b-005.fit,2458040.2529166667,80.0,comp_3,comparison,444.5167368576684,45.6717098009526,80239.46719765548,79.42116425026504,12934.543768321702,67304.92342933378,7.2,21.6,36.0
4,ali_cal_qatar1b-005.fit,2458040.2529166667,80.0,comp_4,comparison,534.9791186406161,318.952837293944,68455.29110591467,78.15707203627741,12728.673504099743,55726.61760181493,7.2,21.6,36.0
4,ali_cal_qatar1b-005.fit,2458040.2529166667,80.0,comp_5,comparison,491.5768487369601,39.34793140729727,68408.90190914288,79.94175878250286,13019.327878783248,55389.57403035963,7.2,21.6,36.0
5,ali_cal_qatar1b-006.fit,2458040.2539467593,80.0,target,target,470.49966584418956,203.9440744104383,135749.71913435071,78.78807498307808,12831.438746971462,122918.28038737926,7.2,21.6,36.0
5,ali_cal_qatar1b-006.fit,2458040.2539467593,80.0,comp_1,comparison,479.74055078015635,304.5781784967526,104414.66573587447,79.17065087835502,12893.74511969815,91520.92061617633,7.2,21.6,36.0
5,ali_cal_qatar1b-006.fit,2458040.2539467593,80.0,comp_2,comparison,441.0065903665022,348.8417074389071,83854.81345263794,77.28402841892078,12586.489478129417,71268.32397450853,7.2,21.6,36.0
5,ali_cal_qatar1b-006.fit,2458040.2539467593,80.0,comp_3,comparison,444.5167368576684,45.6717098009526,79837.59818031377,79.71769853673514,12982.837390599378,66854.76078971439,7.2,21.6,36.0
5,ali_cal_qatar1b-006.fit,2458040.2539467593,80.0,comp_4,comparison,534.9791186406161,318.952837293944,68719.57652157628,78.92767437649223,12854.173926960222,55865.402594616055,7.2,21.6,36.0
5,ali_cal_qatar1b-006.fit,2458040.2539467593,80.0,comp_5,comparison,491.5768487369601,39.34793140729727,68265.41375847111,79.75219099602558,12988.45483814728,55276.958920323836,7.2,21.6,36.0
6,ali_cal_qatar1b-007.fit,2458040.254976852,80.0,target,target,470.49966584418956,203.9440744104383,134718.7700422591,78.77380050286692,12829.114002795219,121889.65603946388,7.2,21.6,36.0
6,ali_cal_qatar1b-007.fit,2458040.254976852,80.0,comp_1,comparison,479.74055078015635,304.5781784967526,104586.49024556718,79.53496058404895,12953.076657808997,91633.41358775819,7.2,21.6,36.0
6,ali_cal_qatar1b-007.fit,2458040.254976852,80.0,comp_2,comparison,441.0065903665022,348.8417074389071,84596.10447741374,77.16324227791446,12566.818227497408,72029.28624991633,7.2,21.6,36.0
6,ali_cal_qatar1b-007.fit,2458040.254976852,80.0,comp_3,comparison,444.5167368576684,45.6717098009526,78805.86839093358,79.66706983000002,12974.59199115981,65831.27639977378,7.2,21.6,36.0
6,ali_cal_qatar1b-007.fit,2458040.254976852,80.0,comp_4,comparison,534.9791186406161,318.952837293944,68201.40375486336,79.20197564725966,12898.846676672974,55302.55707819039,7.2,21.6,36.0
6,ali_cal_qatar1b-007.fit,2458040.254976852,80.0,comp_5,comparison,491.5768487369601,39.34793140729727,68989.34986230165,81.67151184960795,13301.035745522118,55688.31411677953,7.2,21.6,36.0
7,ali_cal_qatar1b-008.fit,2458040.2560069445,80.0,target,target,470.49966584418956,203.9440744104383,133839.13879669597,79.1875209991631,12896.492590325517,120942.64620637045,7.2,21.6,36.0
7,ali_cal_qatar1b-008.fit,2458040.2560069445,80.0,comp_1,comparison,479.74055078015635,304.5781784967526,104048.5048535807,78.50020157273366,12784.55563639274,91263.94921718795,7.2,21.6,36.0
7,ali_cal_qatar1b-008.fit,2458040.2560069445,80.0,comp_2,comparison,441.0065903665022,348.8417074389071,84011.86945258541,78.53859142498814,12790.807813994676,71221.06163859073,7.2,21.6,36.0
7,ali_cal_qatar1b-008.fit,2458040.2560069445,80.0,comp_3,comparison,444.5167368576684,45.6717098009526,79034.39022985968,79.1892493794551,12896.77407462188,66137.6161552378,7.2,21.6,36.0
7,ali_cal_qatar1b-008.fit,2458040.2560069445,80.0,comp_4,comparison,534.9791186406161,318.952837293944,68663.93118876874,78.43807713286641,12774.438039979608,55889.49314878913,7.2,21.6,36.0
7,ali_cal_qatar1b-008.fit,2458040.2560069445,80.0,comp_5,comparison,491.5768487369601,39.34793140729727,68717.26144070945,79.90654279456542,13013.592597241843,55703.66884346761,7.2,21.6,36.0
8,ali_cal_qatar1b-009.fit,2458040.257037037,80.0,target,target,470.49966584418956,203.9440744104383,134309.2625683037,79.03168135118156,12871.11251982812,121438.15004847558,7.2,21.6,36.0
8,ali_cal_qatar1b-009.fit,2458040.257037037,80.0,comp_1,comparison,479.74055078015635,304.5781784967526,103611.90991442684,78.00290588184882,12703.56597903543,90908.34393539141,7.2,21.6,36.0
8,ali_cal_qatar1b-009.fit,2458040.257037037,80.0,comp_2,comparison,441.0065903665022,348.8417074389071,84196.75443154675,76.51077630369471,12460.557512478264,71736.19691906849,7.2,21.6,36.0
8,ali_cal_qatar1b-009.fit,2458040.257037037,80.0,comp_3,comparison,444.5167368576684,45.6717098009526,79387.44185080152,78.31072134866913,12753.696856185603,66633.74499461592,7.2,21.6,36.0
8,ali_cal_qatar1b-009.fit,2458040.257037037,80.0,comp_4,comparison,534.9791186406161,318.952837293944,69047.52576584893,78.44627208717334,12775.772671575141,56271.75309427379,7.2,21.6,36.0
8,ali_cal_qatar1b-009.fit,2458040.257037037,80.0,comp_5,comparison,491.5768487369601,39.34793140729727,68449.50772178068,79.66910222076095,12974.922986650745,55474.58473512994,7.2,21.6,36.0
9,ali_cal_qatar1b-010.fit,2458040.2580671296,80.0,target,target,470.49966584418956,203.9440744104383,134522.41062726727,78.74737749516808,12824.810747450154,121697.5998798171,7.2,21.6,36.0
9,ali_cal_qatar1b-010.fit,2458040.2580671296,80.0,comp_1,comparison,479.74055078015635,304.5781784967526,104533.25742559525,78.71665462581727,12819.807215934872,91713.45020966038,7.2,21.6,36.0
9,ali_cal_qatar1b-010.fit,2458040.2580671296,80.0,comp_2,comparison,441.0065903665022,348.8417074389071,85130.48150676095,77.17328672096902,12568.454067132145,72562.0274396288,7.2,21.6,36.0
9,ali_cal_qatar1b-010.fit,2458040.2580671296,80.0,comp_3,comparison,444.5167368576684,45.6717098009526,79060.28687891542,78.90751336366445,12850.890501121576,66209.39637779383,7.2,21.6,36.0
9,ali_cal_qatar1b-010.fit,2458040.2580671296,80.0,comp_4,comparison,534.9791186406161,318.952837293944,68757.39055770694,79.05604230497927,12875.079948738401,55882.31060896854,7.2,21.6,36.0
9,ali_cal_qatar1b-010.fit,2458040.2580671296,80.0,comp_5,comparison,491.5768487369601,39.34793140729727,68828.63854117389,80.43045279109748,13098.916664759307,55729.72187641458,7.2,21.6,36.0
10,ali_cal_qatar1b-011.fit,2458040.2590972222,80.0,target,target,470.49966584418956,203.9440744104383,133672.68425182675,79.19707895537064,12898.049200632975,120774.63505119378,7.2,21.6,36.0
10,ali_cal_qatar1b-011.fit,2458040.2590972222,80.0,comp_1,comparison,479.74055078015635,304.5781784967526,104241.47134451932,77.81949678825382,12673.695944127136,91567.77540039219,7.2,21.6,36.0
10,ali_cal_qatar1b-011.fit,2458040.2590972222,80.0,comp_2,comparison,441.0065903665022,348.8417074389071,84613.07973268753,76.9438398648185,12531.086314702443,72081.9934179851,7.2,21.6,36.0
10,ali_cal_qatar1b-011.fit,2458040.2590972222,80.0,comp_3,comparison,444.5167368576684,45.6717098009526,79424.70805708309,78.22139993884993,12739.149956808578,66685.5581002745,7.2,21.6,36.0
10,ali_cal_qatar1b-011.fit,2458040.2590972222,80.0,comp_4,comparison,534.9791186406161,318.952837293944,68497.26448482965,78.1180711996587,12722.321821484562,55774.942663345086,7.2,21.6,36.0
10,ali_cal_qatar1b-011.fit,2458040.2590972222,80.0,comp_5,comparison,491.5768487369601,39.34793140729727,68162.23093503507,79.06442993676164,12876.44595981902,55285.78497521605,7.2,21.6,36.0
11,ali_cal_qatar1b-012.fit,2458040.260127315,80.0,target,target,470.49966584418956,203.9440744104383,134744.6946472068,79.62360135352768,12967.512707989117,121777.1819392177,7.2,21.6,36.0
11,ali_cal_qatar1b-012.fit,2458040.260127315,80.0,comp_1,comparison,479.74055078015635,304.5781784967526,104012.6711839711,78.89389474888637,12848.672571296775,91163.99861267433,7.2,21.6,36.0
11,ali_cal_qatar1b-012.fit,2458040.260127315,80.0,comp_2,comparison,441.0065903665022,348.8417074389071,85099.3507183977,77.11340252719495,12558.701317563271,72540.64940083443,7.2,21.6,36.0
11,ali_cal_qatar1b-012.fit,2458040.260127315,80.0,comp_3,comparison,444.5167368576684,45.6717098009526,79246.50661235597,79.15323099101562,12890.908114003789,66355.59849835218,7.2,21.6,36.0
11,ali_cal_qatar1b-012.fit,2458040.260127315,80.0,comp_4,comparison,534.9791186406161,318.952837293944,68415.70820066817,78.6529191727412,12809.427249647695,55606.28095102048,7.2,21.6,36.0
11,ali_cal_qatar1b-012.fit,2458040.260127315,80.0,comp_5,comparison,491.5768487369601,39.34793140729727,68630.28839386873,78.99585893304923,12865.27847496623,55765.0099189025,7.2,21.6,36.0
12,ali_cal_qatar1b-013.fit,2458040.2611574074,80.0,target,target,470.49966584418956,203.9440744104383,134873.3755761417,78.1430350823338,12726.387443490188,122146.98813265152,7.2,21.6,36.0
12,ali_cal_qatar1b-013.fit,2458040.2611574074,80.0,comp_1,comparison,479.74055078015635,304.5781784967526,104759.1387159006,79.18338003249278,12895.81819181794,91863.32052408266,7.2,21.6,36.0
12,ali_cal_qatar1b-013.fit,2458040.2611574074,80.0,comp_2,comparison,441.0065903665022,348.8417074389071,84343.67380038652,77.63660738039374,12643.910545322426,71699.76325506408,7.2,21.6,36.0
12,ali_cal_qatar1b-013.fit,2458040.2611574074,80.0,comp_3,comparison,444.5167368576684,45.6717098009526,79137.8045392649,78.71094970410722,12818.878111454347,66318.92642781054,7.2,21.6,36.0
12,ali_cal_qatar1b-013.fit,2458040.2611574074,80.0,comp_4,comparison,534.9791186406161,318.952837293944,69287.6871823081,78.48013072026232,12781.286894084458,56506.400288223645,7.2,21.6,36.0
12,ali_cal_qatar1b-013.fit,2458040.2611574074,80.0,comp_5,comparison,491.5768487369601,39.34793140729727,68851.11471230455,79.82755642581874,13000.728864340177,55850.385847964375,7.2,21.6,36.0
13,ali_cal_qatar1b-014.fit,2458040.2621875,80.0,target,target,470.49966584418956,203.9440744104383,134579.55458248578,79.20627669593047,12899.54714616127,121680.00743632451,7.2,21.6,36.0
13,ali_cal_qatar1b-014.fit,2458040.2621875,80.0,comp_1,comparison,479.74055078015635,304.5781784967526,104134.35039817734,79.44225205985786,12937.978132432721,91196.37226574462,7.2,21.6,36.0
13,ali_cal_qatar1b-014.fit,2458040.2621875,80.0,comp_2,comparison,441.0065903665022,348.8417074389071,84110.97775397333,77.44140485130758,12612.1198295858,71498.85792438753,7.2,21.6,36.0
13,ali_cal_qatar1b-014.fit,2458040.2621875,80.0,comp_3,comparison,444.5167368576684,45.6717098009526,78212.56060494418,78.85799518190186,12842.825961960229,65369.73464298395,7.2,21.6,36.0
13,ali_cal_qatar1b-014.fit,2458040.2621875,80.0,comp_4,comparison,534.9791186406161,318.952837293944,68163.70880619227,78.90979993779486,12851.262892957537,55312.44591323473,7.2,21.6,36.0
13,ali_cal_qatar1b-014.fit,2458040.2621875,80.0,comp_5,comparison,491.5768487369601,39.34793140729727,68576.89318803014,79.51206720717042,12949.348238715229,55627.544949314906,7.2,21.6,36.0
14,ali_cal_qatar1b-015.fit,2458040.2632291666,80.0,target,target,470.49966584418956,203.9440744104383,134035.30003181892,79.06503543845406,12876.544571923443,121158.75545989547,7.2,21.6,36.0
14,ali_cal_qatar1b-015.fit,2458040.2632291666,80.0,comp_1,comparison,479.74055078015635,304.5781784967526,104631.77887465875,79.03047128623993,12870.91544845429,91760.86342620445,7.2,21.6,36.0
14,ali_cal_qatar1b-015.fit,2458040.2632291666,80.0,comp_2,comparison,441.0065903665022,348.8417074389071,83743.86495677877,76.8986494647615,12523.7265987758,71220.13835800297,7.2,21.6,36.0
14,ali_cal_qatar1b-015.fit,2458040.2632291666,80.0,comp_3,comparison,444.5167368576684,45.6717098009526,78979.72305251018,78.72815533121147,12821.68022269185,66158.04282981833,7.2,21.6,36.0
14,ali_cal_qatar1b-015.fit,2458040.2632291666,80.0,comp_4,comparison,534.9791186406161,318.952837293944,68531.46262087488,78.921847814965,12853.225012199224,55678.237608675656,7.2,21.6,36.0
14,ali_cal_qatar1b-015.fit,2458040.2632291666,80.0,comp_5,comparison,491.5768487369601,39.34793140729727,68781.44950122004,79.13452825102894,12887.862182717981,55893.587318502054,7.2,21.6,36.0
15,ali_cal_qatar1b-016.fit,2458040.264259259,80.0,target,target,470.49966584418956,203.9440744104383,134857.1076728456,77.85083823741064,12678.800217650552,122178.30745519504,7.2,21.6,36.0
15,ali_cal_qatar1b-016.fit,2458040.264259259,80.0,comp_1,comparison,479.74055078015635,304.5781784967526,104943.62490767242,78.59058354631141,12799.275259356526,92144.3496483159,7.2,21.6,36.0
15,ali_cal_qatar1b-016.fit,2458040.264259259,80.0,comp_2,comparison,441.0065903665022,348.8417074389071,84376.66577735786,76.90001851924066,12523.949563211652,71852.7162141462,7.2,21.6,36.0
15,ali_cal_qatar1b-016.fit,2458040.264259259,80.0,comp_3,comparison,444.5167368576684,45.6717098009526,78875.9567558363,79.42334282608479,12934.898571535168,65941.05818430113,7.2,21.6,36.0
15,ali_cal_qatar1b-016.fit,2458040.264259259,80.0,comp_4,comparison,534.9791186406161,318.952837293944,69522.89493633162,78.41083463119288,12770.001321712114,56752.893614619505,7.2,21.6,36.0
15,ali_cal_qatar1b-016.fit,2458040.264259259,80.0,comp_5,comparison,491.5768487369601,39.34793140729727,68512.83345615592,78.9340638915939,12855.214524432204,55657.618931723715,7.2,21.6,36.0
16,ali_cal_qatar1b-017.fit,2458040.265300926,80.0,target,target,470.49966584418956,203.9440744104383,135251.22124175844,79.31547991770412,12917.332000677154,122333.88924108128,7.2,21.6,36.0
16,ali_cal_qatar1b-017.fit,2458040.265300926,80.0,comp_1,comparison,479.74055078015635,304.5781784967526,104960.34306940343,77.9313542470727,12691.913068121277,92268.43000128216,7.2,21.6,36.0
16,ali_cal_qatar1b-017.fit,2458040.265300926,80.0,comp_2,comparison,441.0065903665022,348.8417074389071,85065.24981744232,76.64931791732278,12483.12042227847,72582.12939516385,7.2,21.6,36.0
16,ali_cal_qatar1b-017.fit,2458040.265300926,80.0,comp_3,comparison,444.5167368576684,45.6717098009526,79775.31184363717,77.5077211246138,12622.920108676752,67152.39173496042,7.2,21.6,36.0
16,ali_cal_qatar1b-017.fit,2458040.265300926,80.0,comp_4,comparison,534.9791186406161,318.952837293944,69197.3729432548,78.60238006790186,12801.196442787492,56396.17650046731,7.2,21.6,36.0
16,ali_cal_qatar1b-017.fit,2458040.265300926,80.0,comp_5,comparison,491.5768487369601,39.34793140729727,68019.56199940125,79.78673254771512,12994.08028089131,55025.48171850994,7.2,21.6,36.0
17,ali_cal_qatar1b-018.fit,2458040.2663310184,80.0,target,target,470.49966584418956,203.9440744104383,134451.46238750927,78.07089906886083,12714.639360566116,121736.82302694315,7.2,21.6,36.0
17,ali_cal_qatar1b-018.fit,2458040.2663310184,80.0,comp_1,comparison,479.74055078015635,304.5781784967526,104498.0700855889,77.21887225239561,12575.878134218112,91922.19195137078,7.2,21.6,36.0
17,ali_cal_qatar1b-018.fit,2458040.2663310184,80.0,comp_2,comparison,441.0065903665022,348.8417074389071,84160.26326922339,76.85269106789752,12516.241806763863,71644.02146245952,7.2,21.6,36.0
17,ali_cal_qatar1b-018.fit,2458040.2663310184,80.0,comp_3,comparison,444.5167368576684,45.6717098009526,79162.30691653141,77.93454798956128,12692.433201544065,66469.87371498735,7.2,21.6,36.0
17,ali_cal_qatar1b-018.fit,2458040.2663310184,80.0,comp_4,comparison,534.9791186406161,318.952837293944,68846.13911047905,77.04450887367682,12547.481285910475,56298.65782456858,7.2,21.6,36.0
17,ali_cal_qatar1b-018.fit,2458040.2663310184,80.0,comp_5,comparison,491.5768487369601,39.34793140729727,68462.07647389261,78.49487470326338,12783.68810156167,55678.38837233094,7.2,21.6,36.0
18,ali_cal_qatar1b-019.fit,2458040.267361111,80.0,target,target,470.49966584418956,203.9440744104383,135015.7409484212,77.9816736803046,12700.108099227647,122315.63284919356,7.2,21.6,36.0
18,ali_cal_qatar1b-019.fit,2458040.267361111,80.0,comp_1,comparison,479.74055078015635,304.5781784967526,104180.35570581976,77.2020521962121,12573.138817123669,91607.2168886961,7.2,21.6,36.0
18,ali_cal_qatar1b-019.fit,2458040.267361111,80.0,comp_2,comparison,441.0065903665022,348.8417074389071,84359.299491237,76.33518610862558,12431.96086465964,71927.33862657736,7.2,21.6,36.0
18,ali_cal_qatar1b-019.fit,2458040.267361111,80.0,comp_3,comparison,444.5167368576684,45.6717098009526,78895.27557426781,77.3669936100021,12600.001202685695,66295.27437158211,7.2,21.6,36.0
18,ali_cal_qatar1b-019.fit,2458040.267361111,80.0,comp_4,comparison,534.9791186406161,318.952837293944,68341.34897748273,77.22512672531839,12576.896738698808,55764.452238783924,7.2,21.6,36.0
18,ali_cal_qatar1b-019.fit,2458040.267361111,80.0,comp_5,comparison,491.5768487369601,39.34793140729727,67775.03649007893,78.49152407900681,12783.142418348549,54991.89407173038,7.2,21.6,36.0
19,ali_cal_qatar1b-020.fit,2458040.2683912036,80.0,target,target,470.49966584418956,203.9440744104383,134850.3838031047,78.27393683661357,12747.706124550396,122102.67767855429,7.2,21.6,36.0
19,ali_cal_qatar1b-020.fit,2458040.2683912036,80.0,comp_1,comparison,479.74055078015635,304.5781784967526,104577.7379529879,77.84675017163485,12678.134434591291,91899.6035183966,7.2,21.6,36.0
19,ali_cal_qatar1b-020.fit,2458040.2683912036,80.0,comp_2,comparison,441.0065903665022,348.8417074389071,83715.43492884832,76.60171844933393,12475.368365155378,71240.06656369295,7.2,21.6,36.0
19,ali_cal_qatar1b-020.fit,2458040.2683912036,80.0,comp_3,comparison,444.5167368576684,45.6717098009526,79702.70606785546,77.61853754170784,12640.967688445726,67061.73837940973,7.2,21.6,36.0
19,ali_cal_qatar1b-020.fit,2458040.2683912036,80.0,comp_4,comparison,534.9791186406161,318.952837293944,68458.32116468051,77.46760153277539,12616.386225403952,55841.93493927656,7.2,21.6,36.0
19,ali_cal_qatar1b-020.fit,2458040.2683912036,80.0,comp_5,comparison,491.5768487369601,39.34793140729727,68690.44543797606,78.0042602139789,12703.78654578711,55986.65889218895,7.2,21.6,36.0
20,ali_cal_qatar1b-021.fit,2458040.269421296,80.0,target,target,470.49966584418956,203.9440744104383,134636.1576738248,79.42351011643905,12934.925816469558,121701.23185735525,7.2,21.6,36.0
20,ali_cal_qatar1b-021.fit,2458040.269421296,80.0,comp_1,comparison,479.74055078015635,304.5781784967526,103133.14384715038,77.79743054746217,12670.102232551435,90463.04161459894,7.2,21.6,36.0
20,ali_cal_qatar1b-021.fit,2458040.269421296,80.0,comp_2,comparison,441.0065903665022,348.8417074389071,84448.00578917841,75.47729481737503,12292.244548991235,72155.76124018717,7.2,21.6,36.0
20,ali_cal_qatar1b-021.fit,2458040.269421296,80.0,comp_3,comparison,444.5167368576684,45.6717098009526,79592.53268242358,77.49101845954786,12620.199909918872,66972.33277250471,7.2,21.6,36.0
20,ali_cal_qatar1b-021.fit,2458040.269421296,80.0,comp_4,comparison,534.9791186406161,318.952837293944,68472.53619351651,78.14695038814017,12727.025090832643,55745.51110268387,7.2,21.6,36.0
20,ali_cal_qatar1b-021.fit,2458040.269421296,80.0,comp_5,comparison,491.5768487369601,39.34793140729727,68426.51283961762,79.23345800160945,12903.973898039108,55522.5389415785,7.2,21.6,36.0
21,ali_cal_qatar1b-022.fit,2458040.270451389,80.0,target,target,470.49966584418956,203.9440744104383,133527.31108012894,77.83033617208467,12675.461247946405,120851.84983218255,7.2,21.6,36.0
21,ali_cal_qatar1b-022.fit,2458040.270451389,80.0,comp_1,comparison,479.74055078015635,304.5781784967526,104229.18965761203,76.90831985636638,12525.301520330411,91703.88813728162,7.2,21.6,36.0
21,ali_cal_qatar1b-022.fit,2458040.270451389,80.0,comp_2,comparison,441.0065903665022,348.8417074389071,84305.1596776006,77.08905618538077,12554.736268363013,71750.42340923758,7.2,21.6,36.0
21,ali_cal_qatar1b-022.fit,2458040.270451389,80.0,comp_3,comparison,444.5167368576684,45.6717098009526,79372.73769179135,77.64916817775091,12645.956198829459,66726.78149296189,7.2,21.6,36.0
21,ali_cal_qatar1b-022.fit,2458040.270451389,80.0,comp_4,comparison,534.9791186406161,318.952837293944,68257.77533233858,77.88843549849186,12684.923313724688,55572.85201861389,7.2,21.6,36.0
21,ali_cal_qatar1b-022.fit,2458040.270451389,80.0,comp_5,comparison,491.5768487369601,39.34793140729727,68179.24143135248,78.6182088178626,12803.77431558875,55375.46711576373,7.2,21.6,36.0
22,ali_cal_qatar1b-023.fit,2458040.2714814814,80.0,target,target,470.49966584418956,203.9440744104383,134212.35422511247,78.14504135523448,12726.71418542214,121485.64003969033,7.2,21.6,36.0
22,ali_cal_qatar1b-023.fit,2458040.2714814814,80.0,comp_1,comparison,479.74055078015635,304.5781784967526,104061.99253642102,77.38689850242025,12603.24291671264,91458.74961970838,7.2,21.6,36.0
22,ali_cal_qatar1b-023.fit,2458040.2714814814,80.0,comp_2,comparison,441.0065903665022,348.8417074389071,84146.4985195772,76.75985007918757,12501.12170819443,71645.37681138277,7.2,21.6,36.0
22,ali_cal_qatar1b-023.fit,2458040.2714814814,80.0,comp_3,comparison,444.5167368576684,45.6717098009526,79419.55216669966,78.7971289425104,12832.913276281874,66586.63889041779,7.2,21.6,36.0
22,ali_cal_qatar1b-023.fit,2458040.2714814814,80.0,comp_4,comparison,534.9791186406161,318.952837293944,68384.60703441512,77.14716561025121,12564.199978778668,55820.40705563645,7.2,21.6,36.0
22,ali_cal_qatar1b-023.fit,2458040.2714814814,80.0,comp_5,comparison,491.5768487369601,39.34793140729727,67917.91325467713,79.62403439286913,12967.583232846922,54950.3300218302,7.2,21.6,36.0
23,ali_cal_qatar1b-024.fit,2458040.272511574,80.0,target,target,470.49966584418956,203.9440744104383,134136.20764325056,77.07978120320271,12553.22574325217,121582.98189999838,7.2,21.6,36.0
23,ali_cal_qatar1b-024.fit,2458040.272511574,80.0,comp_1,comparison,479.74055078015635,304.5781784967526,104653.51416961144,77.61209755275861,12639.918870794694,92013.59529881676,7.2,21.6,36.0
23,ali_cal_qatar1b-024.fit,2458040.272511574,80.0,comp_2,comparison,441.0065903665022,348.8417074389071,84412.64256025723,76.15247543848551,12402.204575109174,72010.43798514805,7.2,21.6,36.0
23,ali_cal_qatar1b-024.fit,2458040.272511574,80.0,comp_3,comparison,444.5167368576684,45.6717098009526,78671.15148005521,76.6534032389703,12483.785758428556,66187.36572162666,7.2,21.6,36.0
23,ali_cal_qatar1b-024.fit,2458040.272511574,80.0,comp_4,comparison,534.9791186406161,318.952837293944,69165.4072520829,77.83426346213278,12676.100847044425,56489.306405038486,7.2,21.6,36.0
23,ali_cal_qatar1b-024.fit,2458040.272511574,80.0,comp_5,comparison,491.5768487369601,39.34793140729727,67480.07896240012,77.53911056244227,12628.032197643064,54852.046764757055,7.2,21.6,36.0
24,ali_cal_qatar1b-025.fit,2458040.2735416666,80.0,target,target,470.49966584418956,203.9440744104383,134837.00694169925,77.56696118839739,12632.56795513028,122204.43898656897,7.2,21.6,36.0
24,ali_cal_qatar1b-025.fit,2458040.2735416666,80.0,comp_1,comparison,479.74055078015635,304.5781784967526,104343.09005557609,77.01417295954079,12542.540773984609,91800.54928159148,7.2,21.6,36.0
24,ali_cal_qatar1b-025.fit,2458040.2735416666,80.0,comp_2,comparison,441.0065903665022,348.8417074389071,84639.8521729492,76.01839894516684,12380.368855531093,72259.48331741811,7.2,21.6,36.0
24,ali_cal_qatar1b-025.fit,2458040.2735416666,80.0,comp_3,comparison,444.5167368576684,45.6717098009526,79002.07839439661,77.77709778174557,12666.790835009291,66335.28755938732,7.2,21.6,36.0
24,ali_cal_qatar1b-025.fit,2458040.2735416666,80.0,comp_4,comparison,534.9791186406161,318.952837293944,68420.29992499037,77.50493804674457,12622.466856160876,55797.83306882949,7.2,21.6,36.0
24,ali_cal_qatar1b-025.fit,2458040.2735416666,80.0,comp_5,comparison,491.5768487369601,39.34793140729727,68252.76281976353,77.79165918447775,12669.162307434124,55583.60051232941,7.2,21.6,36.0
25,ali_cal_qatar1b-026.fit,2458040.274571759,80.0,target,target,470.49966584418956,203.9440744104383,134363.36065131155,77.11849612377017,12559.530861532592,121803.82978977896,7.2,21.6,36.0
25,ali_cal_qatar1b-026.fit,2458040.274571759,80.0,comp_1,comparison,479.74055078015635,304.5781784967526,104694.694476676,78.23176779906083,12740.838468214168,91953.85600846184,7.2,21.6,36.0
25,ali_cal_qatar1b-026.fit,2458040.274571759,80.0,comp_2,comparison,441.0065903665022,348.8417074389071,83977.53653103937,76.86909081733333,12518.912672632796,71458.62385840657,7.2,21.6,36.0
25,ali_cal_qatar1b-026.fit,2458040.274571759,80.0,comp_3,comparison,444.5167368576684,45.6717098009526,79039.91953068064,77.45963717090166,12615.089148129715,66424.83038255092,7.2,21.6,36.0
25,ali_cal_qatar1b-026.fit,2458040.274571759,80.0,comp_4,comparison,534.9791186406161,318.952837293944,68747.24244643412,78.88587807227336,12847.366974035562,55899.875472398555,7.2,21.6,36.0
25,ali_cal_qatar1b-026.fit,2458040.274571759,80.0,comp_5,comparison,491.5768487369601,39.34793140729727,68334.76918639104,78.36785602774069,12763.001819341409,55571.76736704964,7.2,21.6,36.0
26,ali_cal_qatar1b-027.fit,2458040.2756134258,80.0,target,target,470.49966584418956,203.9440744104383,135427.3517920226,78.61303074625816,12802.931014002386,122624.4207780202,7.2,21.6,36.0
26,ali_cal_qatar1b-027.fit,2458040.2756134258,80.0,comp_1,comparison,479.74055078015635,304.5781784967526,103994.83574703845,78.21031509877842,12737.344677945908,91257.49106909255,7.2,21.6,36.0
26,ali_cal_qatar1b-027.fit,2458040.2756134258,80.0,comp_2,comparison,441.0065903665022,348.8417074389071,84098.64849759657,76.71805468674502,12494.314903761813,71604.33359383476,7.2,21.6,36.0
26,ali_cal_qatar1b-027.fit,2458040.2756134258,80.0,comp_3,comparison,444.5167368576684,45.6717098009526,79258.95123104527,76.03334511537321,12382.802991249551,66876.14823979572,7.2,21.6,36.0
26,ali_cal_qatar1b-027.fit,2458040.2756134258,80.0,comp_4,comparison,534.9791186406161,318.952837293944,68914.0612917029,76.51235219024036,12460.814161618215,56453.247130084696,7.2,21.6,36.0
26,ali_cal_qatar1b-027.fit,2458040.2756134258,80.0,comp_5,comparison,491.5768487369601,39.34793140729727,68037.82402926814,78.51796680690124,12787.448885327887,55250.375143940255,7.2,21.6,36.0
27,ali_cal_qatar1b-028.fit,2458040.2766435184,80.0,target,target,470.49966584418956,203.9440744104383,133650.63160226523,76.64248913239854,12482.00828525151,121168.62331701373,7.2,21.6,36.0
27,ali_cal_qatar1b-028.fit,2458040.2766435184,80.0,comp_1,comparison,479.74055078015635,304.5781784967526,103609.19667942106,76.8946461604657,12523.074619984996,91086.12205943606,7.2,21.6,36.0
27,ali_cal_qatar1b-028.fit,2458040.2766435184,80.0,comp_2,comparison,441.0065903665022,348.8417074389071,84591.6265540699,75.23363610337476,12252.562251073286,72339.06430299662,7.2,21.6,36.0
27,ali_cal_qatar1b-028.fit,2458040.2766435184,80.0,comp_3,comparison,444.5167368576684,45.6717098009526,78712.28990531154,76.50095465938307,12458.95795788315,66253.33194742839,7.2,21.6,36.0
27,ali_cal_qatar1b-028.fit,2458040.2766435184,80.0,comp_4,comparison,534.9791186406161,318.952837293944,67600.7649754787,77.65674173758352,12647.189630019517,54953.57534545918,7.2,21.6,36.0
27,ali_cal_qatar1b-028.fit,2458040.2766435184,80.0,comp_5,comparison,491.5768487369601,39.34793140729727,67792.87860509976,77.97529243181208,12699.068848056979,55093.80975704278,7.2,21.6,36.0
28,ali_cal_qatar1b-029.fit,2458040.277673611,80.0,target,target,470.49966584418956,203.9440744104383,133902.00562977328,75.61364466401426,12314.450507262029,121587.55512251126,7.2,21.6,36.0
28,ali_cal_qatar1b-029.fit,2458040.277673611,80.0,comp_1,comparison,479.74055078015635,304.5781784967526,104302.68125461813,76.35543727466577,12435.258972865171,91867.42228175297,7.2,21.6,36.0
28,ali_cal_qatar1b-029.fit,2458040.277673611,80.0,comp_2,comparison,441.0065903665022,348.8417074389071,84395.24150976476,76.03531393919111,12383.123634217773,72012.11787554699,7.2,21.6,36.0
28,ali_cal_qatar1b-029.fit,2458040.277673611,80.0,comp_3,comparison,444.5167368576684,45.6717098009526,79324.21401433957,76.7272219527043,12495.807886191691,66828.40612814788,7.2,21.6,36.0
28,ali_cal_qatar1b-029.fit,2458040.277673611,80.0,comp_4,comparison,534.9791186406161,318.952837293944,67467.63025724218,77.22134992324692,12576.281648097218,54891.34860914497,7.2,21.6,36.0
28,ali_cal_qatar1b-029.fit,2458040.277673611,80.0,comp_5,comparison,491.5768487369601,39.34793140729727,68699.63920504756,76.93669589900384,12529.922847264243,56169.71635778331,7.2,21.6,36.0
29,ali_cal_qatar1b-030.fit,2458040.2787152776,80.0,target,target,470.49966584418956,203.9440744104383,134034.64737257737,77.42447239153502,12609.362206424505,121425.28516615287,7.2,21.6,36.0
29,ali_cal_qatar1b-030.fit,2458040.2787152776,80.0,comp_1,comparison,479.74055078015635,304.5781784967526,103345.92833359177,76.52221276063094,12462.420055720893,90883.50827787087,7.2,21.6,36.0
29,ali_cal_qatar1b-030.fit,2458040.2787152776,80.0,comp_2,comparison,441.0065903665022,348.8417074389071,84150.6130351533,75.72214283615413,12332.120537279518,71818.49249787378,7.2,21.6,36.0
29,ali_cal_qatar1b-030.fit,2458040.2787152776,80.0,comp_3,comparison,444.5167368576684,45.6717098009526,79958.65795479357,76.86910792481282,12518.915458759699,67439.74249603387,7.2,21.6,36.0
29,ali_cal_qatar1b-030.fit,2458040.2787152776,80.0,comp_4,comparison,534.9791186406161,318.952837293944,68506.97701498117,76.46707165682133,12453.439766557523,56053.53724842364,7.2,21.6,36.0
29,ali_cal_qatar1b-030.fit,2458040.2787152776,80.0,comp_5,comparison,491.5768487369601,39.34793140729727,68505.62640417108,76.8615377006462,12517.682570816747,55987.94383335434,7.2,21.6,36.0
30,ali_cal_qatar1b-031.fit,2458040.27974537,80.0,target,target,470.49966584418956,203.9440744104383,135362.69413110806,77.48627135060892,12619.426794982526,122743.26733612553,7.2,21.6,36.0
30,ali_cal_qatar1b-031.fit,2458040.27974537,80.0,comp_1,comparison,479.74055078015635,304.5781784967526,104302.74332943297,76.60223604567386,12475.452660979752,91827.29066845322,7.2,21.6,36.0
30,ali_cal_qatar1b-031.fit,2458040.27974537,80.0,comp_2,comparison,441.0065903665022,348.8417074389071,84950.8910190051,75.82525973801575,12348.914172741468,72601.97684626363,7.2,21.6,36.0
30,ali_cal_qatar1b-031.fit,2458040.27974537,80.0,comp_3,comparison,444.5167368576684,45.6717098009526,78902.26627779275,76.88059731220277,12520.786622264657,66381.47965552809,7.2,21.6,36.0
30,ali_cal_qatar1b-031.fit,2458040.27974537,80.0,comp_4,comparison,534.9791186406161,318.952837293944,68553.1252407789,76.24048458502949,12416.537759075083,56136.58748170381,7.2,21.6,36.0
30,ali_cal_qatar1b-031.fit,2458040.27974537,80.0,comp_5,comparison,491.5768487369601,39.34793140729727,68719.02667648037,77.83089910177834,12675.552926768165,56043.473749712204,7.2,21.6,36.0
31,ali_cal_qatar1b-032.fit,2458040.2807754627,80.0,target,target,470.49966584418956,203.9440744104383,134664.9698571714,75.51702207527518,12298.714536694837,122366.25532047657,7.2,21.6,36.0
31,ali_cal_qatar1b-032.fit,2458040.2807754627,80.0,comp_1,comparison,479.74055078015635,304.5781784967526,104638.83354918454,76.76185505535166,12501.44823893965,92137.38531024489,7.2,21.6,36.0
31,ali_cal_qatar1b-032.fit,2458040.2807754627,80.0,comp_2,comparison,441.0065903665022,348.8417074389071,84457.00146571318,74.96161002718458,12208.26003992061,72248.74142579257,7.2,21.6,36.0
31,ali_cal_qatar1b-032.fit,2458040.2807754627,80.0,comp_3,comparison,444.5167368576684,45.6717098009526,79852.55888066124,77.55567048503977,12630.729149339244,67221.829731322,7.2,21.6,36.0
31,ali_cal_qatar1b-032.fit,2458040.2807754627,80.0,comp_4,comparison,534.9791186406161,318.952837293944,68406.65915780602,76.78787358110006,12505.685620288272,55900.97353751775,7.2,21.6,36.0
31,ali_cal_qatar1b-032.fit,2458040.2807754627,80.0,comp_5,comparison,491.5768487369601,39.34793140729727,68551.18127419209,78.42577904251746,12772.435170978795,55778.74610321329,7.2,21.6,36.0
32,ali_cal_qatar1b-033.fit,2458040.2818055553,80.0,target,target,470.49966584418956,203.9440744104383,134536.1776272754,75.99001375039578,12375.74603807929,122160.43158919612,7.2,21.6,36.0
32,ali_cal_qatar1b-033.fit,2458040.2818055553,80.0,comp_1,comparison,479.74055078015635,304.5781784967526,104474.67411456484,76.02818340186221,12381.962353744953,92092.71176081989,7.2,21.6,36.0
32,ali_cal_qatar1b-033.fit,2458040.2818055553,80.0,comp_2,comparison,441.0065903665022,348.8417074389071,84772.51220513202,75.10926641271956,12232.307382960762,72540.20482217126,7.2,21.6,36.0
32,ali_cal_qatar1b-033.fit,2458040.2818055553,80.0,comp_3,comparison,444.5167368576684,45.6717098009526,79321.79029529559,75.20210809194964,12247.427593988416,67074.36270130718,7.2,21.6,36.0
32,ali_cal_qatar1b-033.fit,2458040.2818055553,80.0,comp_4,comparison,534.9791186406161,318.952837293944,68291.68241709439,76.34265514020703,12433.17727236166,55858.50514473273,7.2,21.6,36.0
32,ali_cal_qatar1b-033.fit,2458040.2818055553,80.0,comp_5,comparison,491.5768487369601,39.34793140729727,68411.90606194135,76.2369282870734,12415.958579809701,55995.94748213165,7.2,21.6,36.0
33,ali_cal_qatar1b-034.fit,2458040.2828472224,80.0,target,target,470.49966584418956,203.9440744104383,135401.99814097653,76.00642938099021,12378.41949035631,123023.57865062023,7.2,21.6,36.0
33,ali_cal_qatar1b-034.fit,2458040.2828472224,80.0,comp_1,comparison,479.74055078015635,304.5781784967526,104981.9496403654,75.27944370441912,12260.022484453435,92721.92715591197,7.2,21.6,36.0
33,ali_cal_qatar1b-034.fit,2458040.2828472224,80.0,comp_2,comparison,441.0065903665022,348.8417074389071,83970.24546075697,74.62797576896928,12153.924310191202,71816.32115056577,7.2,21.6,36.0
33,ali_cal_qatar1b-034.fit,2458040.2828472224,80.0,comp_3,comparison,444.5167368576684,45.6717098009526,78611.54226219631,77.3256821046864,12593.273204189507,66018.2690580068,7.2,21.6,36.0
33,ali_cal_qatar1b-034.fit,2458040.2828472224,80.0,comp_4,comparison,534.9791186406161,318.952837293944,68866.84186914479,75.8975725420403,12360.691047803615,56506.15082134117,7.2,21.6,36.0
33,ali_cal_qatar1b-034.fit,2458040.2828472224,80.0,comp_5,comparison,491.5768487369601,39.34793140729727,68087.1427082716,76.01365450700757,12379.596175558363,55707.54653271323,7.2,21.6,36.0
34,ali_cal_qatar1b-035.fit,2458040.283888889,80.0,target,target,470.49966584418956,203.9440744104383,134882.71720503614,76.2742960300522,12422.044296528227,122460.67290850791,7.2,21.6,36.0
34,ali_cal_qatar1b-035.fit,2458040.283888889,80.0,comp_1,comparison,479.74055078015635,304.5781784967526,104957.38548908755,76.92417107944883,12527.883053107937,92429.50243597961,7.2,21.6,36.0
34,ali_cal_qatar1b-035.fit,2458040.283888889,80.0,comp_2,comparison,441.0065903665022,348.8417074389071,84461.80369999881,75.24300378212624,12254.087872763203,72207.7158272356,7.2,21.6,36.0
34,ali_cal_qatar1b-035.fit,2458040.283888889,80.0,comp_3,comparison,444.5167368576684,45.6717098009526,80199.62076938713,77.4612257819038,12615.347869576726,67584.2728998104,7.2,21.6,36.0
34,ali_cal_qatar1b-035.fit,2458040.283888889,80.0,comp_4,comparison,534.9791186406161,318.952837293944,68046.17663246,75.68702147561942,12326.400666772359,55719.775965687644,7.2,21.6,36.0
34,ali_cal_qatar1b-035.fit,2458040.283888889,80.0,comp_5,comparison,491.5768487369601,39.34793140729727,69303.00561481141,77.39501345627092,12604.564519420812,56698.4410953906,7.2,21.6,36.0
35,ali_cal_qatar1b-036.fit,2458040.2849305556,80.0,target,target,470.49966584418956,203.9440744104383,134573.94328702718,76.94240179880065,12530.852111036136,122043.09117599105,7.2,21.6,36.0
35,ali_cal_qatar1b-036.fit,2458040.2849305556,80.0,comp_1,comparison,479.74055078015635,304.5781784967526,104706.67415011169,75.90998495152286,12362.712534837181,92343.96161527451,7.2,21.6,36.0
35,ali_cal_qatar1b-036.fit,2458040.2849305556,80.0,comp_2,comparison,441.0065903665022,348.8417074389071,84653.85361044868,74.90442237236877,12198.94644912645,72454.90716132223,7.2,21.6,36.0
35,ali_cal_qatar1b-036.fit,2458040.2849305556,80.0,comp_3,comparison,444.5167368576684,45.6717098009526,80117.22064992102,76.36527646139895,12436.861384421918,67680.3592654991,7.2,21.6,36.0
35,ali_cal_qatar1b-036.fit,2458040.2849305556,80.0,comp_4,comparison,534.9791186406161,318.952837293944,68917.63749197805,76.11493531116264,12396.090783848245,56521.546708129805,7.2,21.6,36.0
35,ali_cal_qatar1b-036.fit,2458040.2849305556,80.0,comp_5,comparison,491.5768487369601,39.34793140729727,67980.59377601798,76.51260533312826,12460.855388510241,55519.738387507736,7.2,21.6,36.0
36,ali_cal_qatar1b-037.fit,2458040.285960648,80.0,target,target,470.49966584418956,203.9440744104383,135069.10063466092,75.03330514081225,12219.936317823936,122849.16431683698,7.2,21.6,36.0
36,ali_cal_qatar1b-037.fit,2458040.285960648,80.0,comp_1,comparison,479.74055078015635,304.5781784967526,104605.68509618947,76.04312920903394,12384.396430339531,92221.28866584993,7.2,21.6,36.0
36,ali_cal_qatar1b-037.fit,2458040.285960648,80.0,comp_2,comparison,441.0065903665022,348.8417074389071,84370.8287763111,73.51437077825852,11972.562419705924,72398.26635660518,7.2,21.6,36.0
36,ali_cal_qatar1b-037.fit,2458040.285960648,80.0,comp_3,comparison,444.5167368576684,45.6717098009526,79082.69057334095,77.33011249500282,12593.994738279313,66488.69583506163,7.2,21.6,36.0
36,ali_cal_qatar1b-037.fit,2458040.285960648,80.0,comp_4,comparison,534.9791186406161,318.952837293944,68428.81034356312,75.7677204786308,12339.543319569812,56089.26702399331,7.2,21.6,36.0
36,ali_cal_qatar1b-037.fit,2458040.285960648,80.0,comp_5,comparison,491.5768487369601,39.34793140729727,67925.94354411979,76.62738516213928,12479.548450190692,55446.395093929095,7.2,21.6,36.0
37,ali_cal_qatar1b-038.fit,2458040.287002315,80.0,target,target,470.49966584418956,203.9440744104383,135631.5443534139,75.03820503321802,12220.734315100617,123410.81003831327,7.2,21.6,36.0
37,ali_cal_qatar1b-038.fit,2458040.287002315,80.0,comp_1,comparison,479.74055078015635,304.5781784967526,104532.59279254935,75.59903252927347,12312.070772613997,92220.52201993535,7.2,21.6,36.0
37,ali_cal_qatar1b-038.fit,2458040.287002315,80.0,comp_2,comparison,441.0065903665022,348.8417074389071,84610.28617606839,74.76375642598455,12176.037570146966,72434.24860592143,7.2,21.6,36.0
37,ali_cal_qatar1b-038.fit,2458040.287002315,80.0,comp_3,comparison,444.5167368576684,45.6717098009526,80371.03549181018,75.873538844907,12356.776915967099,68014.25857584308,7.2,21.6,36.0
37,ali_cal_qatar1b-038.fit,2458040.287002315,80.0,comp_4,comparison,534.9791186406161,318.952837293944,68524.85276772175,75.88579494608271,12358.772946604306,56166.07982111744,7.2,21.6,36.0
37,ali_cal_qatar1b-038.fit,2458040.287002315,80.0,comp_5,comparison,491.5768487369601,39.34793140729727,68439.40042778615,77.01779796287272,12543.131142618711,55896.269285167444,7.2,21.6,36.0
38,ali_cal_qatar1b-039.fit,2458040.2880439814,80.0,target,target,470.49966584418956,203.9440744104383,135508.5818868398,74.68141971515934,12162.62819998774,123345.95368685205,7.2,21.6,36.0
38,ali_cal_qatar1b-039.fit,2458040.2880439814,80.0,comp_1,comparison,479.74055078015635,304.5781784967526,104848.51667187043,76.64943362770926,12483.139266890892,92365.37740497953,7.2,21.6,36.0
38,ali_cal_qatar1b-039.fit,2458040.2880439814,80.0,comp_2,comparison,441.0065903665022,348.8417074389071,84747.41431453326,75.12372321567393,12234.661820248713,72512.75249428455,7.2,21.6,36.0
38,ali_cal_qatar1b-039.fit,2458040.2880439814,80.0,comp_3,comparison,444.5167368576684,45.6717098009526,79657.44408705668,76.38149640204189,12439.502966601505,67217.94112045517,7.2,21.6,36.0
38,ali_cal_qatar1b-039.fit,2458040.2880439814,80.0,comp_4,comparison,534.9791186406161,318.952837293944,68123.9994659037,77.19614418305558,12572.176637137034,55551.82282876667,7.2,21.6,36.0
38,ali_cal_qatar1b-039.fit,2458040.2880439814,80.0,comp_5,comparison,491.5768487369601,39.34793140729727,67961.21046595571,77.08120199036982,12553.457132882022,55407.753333073684,7.2,21.6,36.0
39,ali_cal_qatar1b-040.fit,2458040.289085648,80.0,target,target,470.49966584418956,203.9440744104383,135892.99254386136,75.73585259130785,12334.353310240764,123558.63923362059,7.2,21.6,36.0
39,ali_cal_qatar1b-040.fit,2458040.289085648,80.0,comp_1,comparison,479.74055078015635,304.5781784967526,104534.19916639049,76.11377644929422,12395.902051415273,92138.29711497523,7.2,21.6,36.0
39,ali_cal_qatar1b-040.fit,2458040.289085648,80.0,comp_2,comparison,441.0065903665022,348.8417074389071,83992.12077972766,74.31065509723382,12102.245413817658,71889.87536591,7.2,21.6,36.0
39,ali_cal_qatar1b-040.fit,2458040.289085648,80.0,comp_3,comparison,444.5167368576684,45.6717098009526,79627.95598356883,75.6382213004633,12318.453062284094,67309.50292128473,7.2,21.6,36.0
39,ali_cal_qatar1b-040.fit,2458040.289085648,80.0,comp_4,comparison,534.9791186406161,318.952837293944,68279.07423545254,76.54698604813687,12466.454637366172,55812.61959808637,7.2,21.6,36.0
39,ali_cal_qatar1b-040.fit,2458040.289085648,80.0,comp_5,comparison,491.5768487369601,39.34793140729727,68384.88178182277,75.87827502489728,12357.54825101308,56027.33353080969,7.2,21.6,36.0
40,ali_cal_qatar1b-041.fit,2458040.2901157406,80.0,target,target,470.49966584418956,203.9440744104383,136202.00950367446,75.77470000000015,12340.680005558817,123861.32949811564,7.2,21.6,36.0
40,ali_cal_qatar1b-041.fit,2458040.2901157406,80.0,comp_1,comparison,479.74055078015635,304.5781784967526,103668.72973173545,75.3910093385585,12278.192081832658,91390.53764990279,7.2,21.6,36.0
40,ali_cal_qatar1b-041.fit,2458040.2901157406,80.0,comp_2,comparison,441.0065903665022,348.8417074389071,84023.02392159845,73.4162901064303,11956.58898548893,72066.43493610952,7.2,21.6,36.0
40,ali_cal_qatar1b-041.fit,2458040.2901157406,80.0,comp_3,comparison,444.5167368576684,45.6717098009526,80039.9177336263,74.92327341066135,12202.016532298554,67837.90120132774,7.2,21.6,36.0
40,ali_cal_qatar1b-041.fit,2458040.2901157406,80.0,comp_4,comparison,534.9791186406161,318.952837293944,68984.46432131185,75.83841716818765,12351.056993966058,56633.4073273458,7.2,21.6,36.0
40,ali_cal_qatar1b-041.fit,2458040.2901157406,80.0,comp_5,comparison,491.5768487369601,39.34793140729727,68001.9992062778,76.78396075030525,12505.048376026603,55496.9508302512,7.2,21.6,36.0
41,ali_cal_qatar1b-042.fit,2458040.291157407,80.0,target,target,470.49966584418956,203.9440744104383,134668.09909744916,75.07859215618831,12227.311768537205,122440.78732891195,7.2,21.6,36.0
41,ali_cal_qatar1b-042.fit,2458040.291157407,80.0,comp_1,comparison,479.74055078015635,304.5781784967526,104787.8676858912,77.26014558996464,12582.599916708847,92205.26776918235,7.2,21.6,36.0
41,ali_cal_qatar1b-042.fit,2458040.291157407,80.0,comp_2,comparison,441.0065903665022,348.8417074389071,84558.33871744247,74.98759613466689,12212.492141625125,72345.84657581734,7.2,21.6,36.0
41,ali_cal_qatar1b-042.fit,2458040.291157407,80.0,comp_3,comparison,444.5167368576684,45.6717098009526,79683.98410993742,75.61715880944772,12315.022821560697,67368.96128837673,7.2,21.6,36.0
41,ali_cal_qatar1b-042.fit,2458040.291157407,80.0,comp_4,comparison,534.9791186406161,318.952837293944,68066.50720073932,77.07372091763567,12552.23876415591,55514.26843658341,7.2,21.6,36.0
41,ali_cal_qatar1b-042.fit,2458040.291157407,80.0,comp_5,comparison,491.5768487369601,39.34793140729727,68547.2703426868,77.20760281551244,12574.042791888574,55973.22755079822,7.2,21.6,36.0
42,ali_cal_qatar1b-043.fit,2458040.2921990743,80.0,target,target,470.49966584418956,203.9440744104383,134408.34259701945,75.57291234107399,12307.816834502004,122100.52576251744,7.2,21.6,36.0
42,ali_cal_qatar1b-043.fit,2458040.2921990743,80.0,comp_1,comparison,479.74055078015635,304.5781784967526,104543.54801107736,74.5633795455978,12143.404158713267,92400.1438523641,7.2,21.6,36.0
42,ali_cal_qatar1b-043.fit,2458040.2921990743,80.0,comp_2,comparison,441.0065903665022,348.8417074389071,83977.9449963091,74.01113166560515,12053.464978871742,71924.48001743737,7.2,21.6,36.0
42,ali_cal_qatar1b-043.fit,2458040.2921990743,80.0,comp_3,comparison,444.5167368576684,45.6717098009526,79242.67931951184,75.11083463206944,12232.562783419957,67010.11653609188,7.2,21.6,36.0
42,ali_cal_qatar1b-043.fit,2458040.2921990743,80.0,comp_4,comparison,534.9791186406161,318.952837293944,68174.80584698505,74.61317050340563,12151.513122225846,56023.2927247592,7.2,21.6,36.0
42,ali_cal_qatar1b-043.fit,2458040.2921990743,80.0,comp_5,comparison,491.5768487369601,39.34793140729727,67809.9413279559,75.16759767573868,12241.807221973506,55568.13410598239,7.2,21.6,36.0
43,ali_cal_qatar1b-044.fit,2458040.293229167,80.0,target,target,470.49966584418956,203.9440744104383,134433.82152917166,74.33145267639358,12105.632510952993,122328.18901821866,7.2,21.6,36.0
43,ali_cal_qatar1b-044.fit,2458040.293229167,80.0,comp_1,comparison,479.74055078015635,304.5781784967526,104960.73564077521,75.11384769544264,12233.053491412535,92727.68214936268,7.2,21.6,36.0
43,ali_cal_qatar1b-044.fit,2458040.293229167,80.0,comp_2,comparison,441.0065903665022,348.8417074389071,84054.94866067794,73.37763945377145,11950.29433389059,72104.65432678735,7.2,21.6,36.0
43,ali_cal_qatar1b-044.fit,2458040.293229167,80.0,comp_3,comparison,444.5167368576684,45.6717098009526,79377.15320753714,74.83928600904456,12188.338330367682,67188.81487716945,7.2,21.6,36.0
43,ali_cal_qatar1b-044.fit,2458040.293229167,80.0,comp_4,comparison,534.9791186406161,318.952837293944,68720.09081853522,74.71958114946122,12168.843177404644,56551.24764113057,7.2,21.6,36.0
43,ali_cal_qatar1b-044.fit,2458040.293229167,80.0,comp_5,comparison,491.5768487369601,39.34793140729727,67436.28893100473,75.56238847354163,12306.102915718588,55130.18601528615,7.2,21.6,36.0
44,ali_cal_qatar1b-045.fit,2458040.2942708335,80.0,target,target,470.49966584418956,203.9440744104383,135057.47017437578,74.18213313880734,12081.31430669841,122976.15586767737,7.2,21.6,36.0
44,ali_cal_qatar1b-045.fit,2458040.2942708335,80.0,comp_1,comparison,479.74055078015635,304.5781784967526,104407.6205967122,74.12583608035985,12072.145758574105,92335.47483813809,7.2,21.6,36.0
44,ali_cal_qatar1b-045.fit,2458040.2942708335,80.0,comp_2,comparison,441.0065903665022,348.8417074389071,83912.04034077507,73.20506860984106,11922.189418091068,71989.85092268401,7.2,21.6,36.0
44,ali_cal_qatar1b-045.fit,2458040.2942708335,80.0,comp_3,comparison,444.5167368576684,45.6717098009526,78879.61313133115,74.59955245456109,12149.295284569076,66730.31784676207,7.2,21.6,36.0
44,ali_cal_qatar1b-045.fit,2458040.2942708335,80.0,comp_4,comparison,534.9791186406161,318.952837293944,68729.28982178605,74.97329744679243,12210.163454984888,56519.12636680116,7.2,21.6,36.0
44,ali_cal_qatar1b-045.fit,2458040.2942708335,80.0,comp_5,comparison,491.5768487369601,39.34793140729727,67886.15137507218,76.29622864701304,12425.616246105043,55460.53512896714,7.2,21.6,36.0
45,ali_cal_qatar1b-046.fit,2458040.295300926,80.0,target,target,470.49966584418956,203.9440744104383,135094.09939859566,73.84780667097435,12026.865843597723,123067.23355499793,7.2,21.6,36.0
45,ali_cal_qatar1b-046.fit,2458040.295300926,80.0,comp_1,comparison,479.74055078015635,304.5781784967526,105101.81588622459,74.92087463300649,12201.625866978293,92900.19001924629,7.2,21.6,36.0
45,ali_cal_qatar1b-046.fit,2458040.295300926,80.0,comp_2,comparison,441.0065903665022,348.8417074389071,83930.09523588582,73.96224979004576,12045.50406864247,71884.59116724334,7.2,21.6,36.0
45,ali_cal_qatar1b-046.fit,2458040.295300926,80.0,comp_3,comparison,444.5167368576684,45.6717098009526,79703.06556880687,75.43128081689348,12284.75070136507,67418.31486744179,7.2,21.6,36.0
45,ali_cal_qatar1b-046.fit,2458040.295300926,80.0,comp_4,comparison,534.9791186406161,318.952837293944,69093.81047049098,74.90237424232983,12198.612890334129,56895.19758015685,7.2,21.6,36.0
45,ali_cal_qatar1b-046.fit,2458040.295300926,80.0,comp_5,comparison,491.5768487369601,39.34793140729727,67154.12721021124,75.08256447916534,12227.958701705378,54926.16850850586,7.2,21.6,36.0
46,ali_cal_qatar1b-047.fit,2458040.2963310187,80.0,target,target,470.49966584418956,203.9440744104383,134319.09538296607,74.33897058567044,12106.85687888446,122212.23850408162,7.2,21.6,36.0
46,ali_cal_qatar1b-047.fit,2458040.2963310187,80.0,comp_1,comparison,479.74055078015635,304.5781784967526,104082.92114918973,74.58537166882343,12146.985799490074,91935.93534969966,7.2,21.6,36.0
46,ali_cal_qatar1b-047.fit,2458040.2963310187,80.0,comp_2,comparison,441.0065903665022,348.8417074389071,84747.09500323205,73.42642487949769,11958.239536284298,72788.85546694776,7.2,21.6,36.0
46,ali_cal_qatar1b-047.fit,2458040.2963310187,80.0,comp_3,comparison,444.5167368576684,45.6717098009526,78666.2407436402,75.9903464829543,12375.80022695806,66290.44051668214,7.2,21.6,36.0
46,ali_cal_qatar1b-047.fit,2458040.2963310187,80.0,comp_4,comparison,534.9791186406161,318.952837293944,68188.21858917057,74.94439777522018,12205.4568497573,55982.761739413276,7.2,21.6,36.0
46,ali_cal_qatar1b-047.fit,2458040.2963310187,80.0,comp_5,comparison,491.5768487369601,39.34793140729727,67922.80169010715,76.04318372831405,12384.405309358386,55538.39638074877,7.2,21.6,36.0
47,ali_cal_qatar1b-048.fit,2458040.2973842593,80.0,target,target,470.49966584418956,203.9440744104383,134723.42206139123,74.32305159446213,12104.2643093789,122619.15775201234,7.2,21.6,36.0
47,ali_cal_qatar1b-048.fit,2458040.2973842593,80.0,comp_1,comparison,479.74055078015635,304.5781784967526,103576.76025976191,74.42279149789906,12120.50796632641,91456.25229343551,7.2,21.6,36.0
47,ali_cal_qatar1b-048.fit,2458040.2973842593,80.0,comp_2,comparison,441.0065903665022,348.8417074389071,83369.6572265685,73.4341855829878,11959.50344572095,71410.15378084754,7.2,21.6,36.0
47,ali_cal_qatar1b-048.fit,2458040.2973842593,80.0,comp_3,comparison,444.5167368576684,45.6717098009526,79009.98204504033,74.48989335878515,12131.436186338799,66878.54585870153,7.2,21.6,36.0
47,ali_cal_qatar1b-048.fit,2458040.2973842593,80.0,comp_4,comparison,534.9791186406161,318.952837293944,67791.82259117247,75.50275579950255,12296.391128694791,55495.43146247768,7.2,21.6,36.0
47,ali_cal_qatar1b-048.fit,2458040.2973842593,80.0,comp_5,comparison,491.5768487369601,39.34793140729727,68143.01922556284,75.02048835227004,12217.848973550737,55925.170252012096,7.2,21.6,36.0
48,ali_cal_qatar1b-049.fit,2458040.298425926,80.0,target,target,470.49966584418956,203.9440744104383,134501.24049977568,74.65650409353574,12158.570437784836,122342.67006199085,7.2,21.6,36.0
48,ali_cal_qatar1b-049.fit,2458040.298425926,80.0,comp_1,comparison,479.74055078015635,304.5781784967526,103858.8970164919,75.06072743951788,12224.402317865415,91634.49469862648,7.2,21.6,36.0
48,ali_cal_qatar1b-049.fit,2458040.298425926,80.0,comp_2,comparison,441.0065903665022,348.8417074389071,84060.28747710917,72.89871914207629,11872.297293786274,72187.9901833229,7.2,21.6,36.0
48,ali_cal_qatar1b-049.fit,2458040.298425926,80.0,comp_3,comparison,444.5167368576684,45.6717098009526,78083.02335824008,73.88605948406612,12033.095702979257,66049.92765526082,7.2,21.6,36.0
48,ali_cal_qatar1b-049.fit,2458040.298425926,80.0,comp_4,comparison,534.9791186406161,318.952837293944,68105.4945538295,75.85433362876248,12353.649151332238,55751.84540249726,7.2,21.6,36.0
48,ali_cal_qatar1b-049.fit,2458040.298425926,80.0,comp_5,comparison,491.5768487369601,39.34793140729727,68046.21189784286,75.5272979411776,12300.388065892337,55745.823831950525,7.2,21.6,36.0
49,ali_cal_qatar1b-050.fit,2458040.2994560185,80.0,target,target,470.49966584418956,203.9440744104383,134036.85634969705,75.20296745493305,12247.567549984107,121789.28879971294,7.2,21.6,36.0
49,ali_cal_qatar1b-050.fit,2458040.2994560185,80.0,comp_1,comparison,479.74055078015635,304.5781784967526,104063.12179628601,75.8963977247152,12360.499716862365,91702.62207942364,7.2,21.6,36.0
49,ali_cal_qatar1b-050.fit,2458040.2994560185,80.0,comp_2,comparison,441.0065903665022,348.8417074389071,84616.01215161092,74.27392458194294,12096.263476104357,72519.74867550656,7.2,21.6,36.0
49,ali_cal_qatar1b-050.fit,2458040.2994560185,80.0,comp_3,comparison,444.5167368576684,45.6717098009526,79250.55065233508,75.35197763738637,12271.83537261127,66978.71527972381,7.2,21.6,36.0
49,ali_cal_qatar1b-050.fit,2458040.2994560185,80.0,comp_4,comparison,534.9791186406161,318.952837293944,68369.49019142805,76.20855271080093,12411.33732882815,55958.1528625999,7.2,21.6,36.0
49,ali_cal_qatar1b-050.fit,2458040.2994560185,80.0,comp_5,comparison,491.5768487369601,39.34793140729727,67228.14074120086,76.26093438648978,12419.86821707754,54808.27252412331,7.2,21.6,36.0
50,ali_cal_qatar1b-051.fit,2458040.300509259,80.0,target,target,470.49966584418956,203.9440744104383,134211.69541406503,73.724165526456,12006.729626627917,122204.96578743712,7.2,21.6,36.0
50,ali_cal_qatar1b-051.fit,2458040.300509259,80.0,comp_1,comparison,479.74055078015635,304.5781784967526,104477.59165857745,74.02707077008917,12056.060824028667,92421.53083454879,7.2,21.6,36.0
50,ali_cal_qatar1b-051.fit,2458040.300509259,80.0,comp_2,comparison,441.0065903665022,348.8417074389071,84280.06154206497,73.22579002833582,11925.564111688072,72354.4974303769,7.2,21.6,36.0
50,ali_cal_qatar1b-051.fit,2458040.300509259,80.0,comp_3,comparison,444.5167368576684,45.6717098009526,79254.94351834412,74.35190669831832,12108.963656300977,67145.97986204314,7.2,21.6,36.0
50,ali_cal_qatar1b-051.fit,2458040.300509259,80.0,comp_4,comparison,534.9791186406161,318.952837293944,68436.68665874962,74.14464216871218,12075.208521191607,56361.47813755801,7.2,21.6,36.0
50,ali_cal_qatar1b-051.fit,2458040.300509259,80.0,comp_5,comparison,491.5768487369601,39.34793140729727,67522.89085205094,75.38263662550155,12276.828500418093,55246.06235163285,7.2,21.6,36.0
51,ali_cal_qatar1b-052.fit,2458040.3015509257,80.0,target,target,470.49966584418956,203.9440744104383,133411.20043288084,72.9566408181766,11881.730427406592,121529.47000547424,7.2,21.6,36.0
51,ali_cal_qatar1b-052.fit,2458040.3015509257,80.0,comp_1,comparison,479.74055078015635,304.5781784967526,104065.04896676539,73.31696881803663,11940.413504255668,92124.63546250972,7.2,21.6,36.0
51,ali_cal_qatar1b-052.fit,2458040.3015509257,80.0,comp_2,comparison,441.0065903665022,348.8417074389071,82930.2180312904,72.3903315870935,11789.501213632198,71140.71681765819,7.2,21.6,36.0
51,ali_cal_qatar1b-052.fit,2458040.3015509257,80.0,comp_3,comparison,444.5167368576684,45.6717098009526,78423.3698821536,73.92522331117058,12039.473930251543,66383.89595190206,7.2,21.6,36.0
51,ali_cal_qatar1b-052.fit,2458040.3015509257,80.0,comp_4,comparison,534.9791186406161,318.952837293944,67650.51775882984,74.07194249209417,12063.368639995766,55587.14911883407,7.2,21.6,36.0
51,ali_cal_qatar1b-052.fit,2458040.3015509257,80.0,comp_5,comparison,491.5768487369601,39.34793140729727,68301.21560888215,74.76712230617812,12176.585737944473,56124.62987093768,7.2,21.6,36.0
52,ali_cal_qatar1b-053.fit,2458040.3025810183,80.0,target,target,470.49966584418956,203.9440744104383,133406.02254762457,73.79790367331378,12018.738633256446,121387.28391436812,7.2,21.6,36.0
52,ali_cal_qatar1b-053.fit,2458040.3025810183,80.0,comp_1,comparison,479.74055078015635,304.5781784967526,104539.97049911124,75.24088583016314,12253.742942760922,92286.22755635032,7.2,21.6,36.0
52,ali_cal_qatar1b-053.fit,2458040.3025810183,80.0,comp_2,comparison,441.0065903665022,348.8417074389071,83272.7750348131,72.336608699189,11780.751895342533,71492.02313947056,7.2,21.6,36.0
52,ali_cal_qatar1b-053.fit,2458040.3025810183,80.0,comp_3,comparison,444.5167368576684,45.6717098009526,79582.62358650326,74.69044240921525,12164.097637413848,67418.52594908941,7.2,21.6,36.0
52,ali_cal_qatar1b-053.fit,2458040.3025810183,80.0,comp_4,comparison,534.9791186406161,318.952837293944,67671.47064864641,74.26250598680666,12094.403841837382,55577.06680680903,7.2,21.6,36.0
52,ali_cal_qatar1b-053.fit,2458040.3025810183,80.0,comp_5,comparison,491.5768487369601,39.34793140729727,67438.94876910075,75.21353022637811,12249.287804665095,55189.66096443566,7.2,21.6,36.0
53,ali_cal_qatar1b-054.fit,2458040.3036342594,80.0,target,target,470.49966584418956,203.9440744104383,133030.5322040393,75.2526542337982,12255.659546897085,120774.87265714223,7.2,21.6,36.0
53,ali_cal_qatar1b-054.fit,2458040.3036342594,80.0,comp_1,comparison,479.74055078015635,304.5781784967526,103504.58780262023,75.25650785946652,12256.287149002195,91248.30065361803,7.2,21.6,36.0
53,ali_cal_qatar1b-054.fit,2458040.3036342594,80.0,comp_2,comparison,441.0065903665022,348.8417074389071,83742.50374107562,74.16361159648557,12078.297885293872,71664.20585578175,7.2,21.6,36.0
53,ali_cal_qatar1b-054.fit,2458040.3036342594,80.0,comp_3,comparison,444.5167368576684,45.6717098009526,78786.98137125924,75.67539186677848,12324.506666779012,66462.47470448024,7.2,21.6,36.0
53,ali_cal_qatar1b-054.fit,2458040.3036342594,80.0,comp_4,comparison,534.9791186406161,318.952837293944,67655.57802094125,74.83281025805485,12187.283688504902,55468.294332436344,7.2,21.6,36.0
53,ali_cal_qatar1b-054.fit,2458040.3036342594,80.0,comp_5,comparison,491.5768487369601,39.34793140729727,67612.59194971557,76.09371276893961,12392.634477159088,55219.95747255648,7.2,21.6,36.0
54,ali_cal_qatar1b-055.fit,2458040.304675926,80.0,target,target,470.49966584418956,203.9440744104383,133506.8843213983,73.84673619817832,12026.6915062235,121480.1928151748,7.2,21.6,36.0
54,ali_cal_qatar1b-055.fit,2458040.304675926,80.0,comp_1,comparison,479.74055078015635,304.5781784967526,102733.29256906881,75.01392283253524,12216.779711935485,90516.51285713333,7.2,21.6,36.0
54,ali_cal_qatar1b-055.fit,2458040.304675926,80.0,comp_2,comparison,441.0065903665022,348.8417074389071,83080.91821778595,74.00642569587268,12052.698563873277,71028.21965391267,7.2,21.6,36.0
54,ali_cal_qatar1b-055.fit,2458040.304675926,80.0,comp_3,comparison,444.5167368576684,45.6717098009526,78482.27811215763,73.91538076252752,12037.870971173601,66444.40714098403,7.2,21.6,36.0
54,ali_cal_qatar1b-055.fit,2458040.304675926,80.0,comp_4,comparison,534.9791186406161,318.952837293944,67301.13675512609,74.29671255269449,12099.974728739087,55201.162026387006,7.2,21.6,36.0
54,ali_cal_qatar1b-055.fit,2458040.304675926,80.0,comp_5,comparison,491.5768487369601,39.34793140729727,67663.93632888653,73.49379336972976,11969.211179595477,55694.72514929105,7.2,21.6,36.0
55,ali_cal_qatar1b-056.fit,2458040.3057060186,80.0,target,target,470.49966584418956,203.9440744104383,133986.31261307024,74.75696711306293,12174.93186153679,121811.38075153345,7.2,21.6,36.0
55,ali_cal_qatar1b-056.fit,2458040.3057060186,80.0,comp_1,comparison,479.74055078015635,304.5781784967526,103641.98761704052,74.6046316630908,12150.122485298958,91491.86513174156,7.2,21.6,36.0
55,ali_cal_qatar1b-056.fit,2458040.3057060186,80.0,comp_2,comparison,441.0065903665022,348.8417074389071,83057.8160659917,72.92948182956623,11877.307310090191,71180.50875590151,7.2,21.6,36.0
55,ali_cal_qatar1b-056.fit,2458040.3057060186,80.0,comp_3,comparison,444.5167368576684,45.6717098009526,78152.15038417076,74.14682959619412,12075.564765988222,66076.58561818254,7.2,21.6,36.0
55,ali_cal_qatar1b-056.fit,2458040.3057060186,80.0,comp_4,comparison,534.9791186406161,318.952837293944,67502.57802472956,74.41219578539238,12118.782346858754,55383.79567787081,7.2,21.6,36.0
55,ali_cal_qatar1b-056.fit,2458040.3057060186,80.0,comp_5,comparison,491.5768487369601,39.34793140729727,67310.19493113717,74.60587094689872,12150.32431526212,55159.87061587505,7.2,21.6,36.0
56,ali_cal_qatar1b-057.fit,2458040.306759259,80.0,target,target,470.49966584418956,203.9440744104383,133704.47142641578,74.005341608878,12052.522009288441,121651.94941712734,7.2,21.6,36.0
56,ali_cal_qatar1b-057.fit,2458040.306759259,80.0,comp_1,comparison,479.74055078015635,304.5781784967526,103956.894504653,73.68328677293125,12000.072106159012,91956.82239849398,7.2,21.6,36.0
56,ali_cal_qatar1b-057.fit,2458040.306759259,80.0,comp_2,comparison,441.0065903665022,348.8417074389071,82737.1956991961,71.49489819924246,11643.67078598599,71093.52491321012,7.2,21.6,36.0
56,ali_cal_qatar1b-057.fit,2458040.306759259,80.0,comp_3,comparison,444.5167368576684,45.6717098009526,78477.80871348437,74.92294612741493,12201.96323089564,66275.84548258873,7.2,21.6,36.0
56,ali_cal_qatar1b-057.fit,2458040.306759259,80.0,comp_4,comparison,534.9791186406161,318.952837293944,67230.27983208408,74.41727402612466,12119.609389972988,55110.67044211109,7.2,21.6,36.0
56,ali_cal_qatar1b-057.fit,2458040.306759259,80.0,comp_5,comparison,491.5768487369601,39.34793140729727,67980.84285772822,74.7111017560113,12167.462222003875,55813.380635724345,7.2,21.6,36.0
57,ali_cal_qatar1b-058.fit,2458040.307789352,80.0,target,target,470.49966584418956,203.9440744104383,133419.10536066958,73.99813468151248,12051.348287921795,121367.75707274779,7.2,21.6,36.0
57,ali_cal_qatar1b-058.fit,2458040.307789352,80.0,comp_1,comparison,479.74055078015635,304.5781784967526,103289.43469452014,74.13459469319474,12073.57218768947,91215.86250683067,7.2,21.6,36.0
57,ali_cal_qatar1b-058.fit,2458040.307789352,80.0,comp_2,comparison,441.0065903665022,348.8417074389071,84290.10945134905,72.92900856192881,11877.230233645541,72412.8792177035,7.2,21.6,36.0
57,ali_cal_qatar1b-058.fit,2458040.307789352,80.0,comp_3,comparison,444.5167368576684,45.6717098009526,78081.86365220652,75.0846321561447,12228.295443915604,65853.56820829092,7.2,21.6,36.0
57,ali_cal_qatar1b-058.fit,2458040.307789352,80.0,comp_4,comparison,534.9791186406161,318.952837293944,68504.40451870287,75.12945896726832,12235.595945689232,56268.80857301364,7.2,21.6,36.0
57,ali_cal_qatar1b-058.fit,2458040.307789352,80.0,comp_5,comparison,491.5768487369601,39.34793140729727,67305.58783672062,75.47069818026772,12291.170219595619,55014.417617125,7.2,21.6,36.0
58,ali_cal_qatar1b-059.fit,2458040.3088310184,80.0,target,target,470.49966584418956,203.9440744104383,133474.63167474064,74.480824535034,12129.959236222998,121344.67243851763,7.2,21.6,36.0
58,ali_cal_qatar1b-059.fit,2458040.3088310184,80.0,comp_1,comparison,479.74055078015635,304.5781784967526,103693.68769163606,73.86553957871163,12029.753827845154,91663.93386379091,7.2,21.6,36.0
58,ali_cal_qatar1b-059.fit,2458040.3088310184,80.0,comp_2,comparison,441.0065903665022,348.8417074389071,83449.32356668182,73.57832566382687,11982.9781228046,71466.34544387722,7.2,21.6,36.0
58,ali_cal_qatar1b-059.fit,2458040.3088310184,80.0,comp_3,comparison,444.5167368576684,45.6717098009526,77807.82764793246,74.90659657326935,12199.300539839865,65608.52710809259,7.2,21.6,36.0
58,ali_cal_qatar1b-059.fit,2458040.3088310184,80.0,comp_4,comparison,534.9791186406161,318.952837293944,67655.2293464915,74.61348846853596,12151.564906078853,55503.66444041264,7.2,21.6,36.0
58,ali_cal_qatar1b-059.fit,2458040.3088310184,80.0,comp_5,comparison,491.5768487369601,39.34793140729727,67771.70758797493,75.18631810561033,12244.856034236867,55526.851553738066,7.2,21.6,36.0
59,ali_cal_qatar1b-060.fit,2458040.309872685,80.0,target,target,470.49966584418956,203.9440744104383,133098.65142388805,74.28047982661292,12097.331064320879,121001.32035956717,7.2,21.6,36.0
59,ali_cal_qatar1b-060.fit,2458040.309872685,80.0,comp_1,comparison,479.74055078015635,304.5781784967526,103417.228993989,74.1073711652193,12069.138559481542,91348.09043450747,7.2,21.6,36.0
59,ali_cal_qatar1b-060.fit,2458040.309872685,80.0,comp_2,comparison,441.0065903665022,348.8417074389071,82923.99134644507,72.1274283223762,11746.684745044493,71177.30660140057,7.2,21.6,36.0
59,ali_cal_qatar1b-060.fit,2458040.309872685,80.0,comp_3,comparison,444.5167368576684,45.6717098009526,77623.34967665239,73.79662584798857,12018.530526415487,65604.8191502369,7.2,21.6,36.0
59,ali_cal_qatar1b-060.fit,2458040.309872685,80.0,comp_4,comparison,534.9791186406161,318.952837293944,67083.39072627554,74.19240913879585,12082.987857733193,55000.40286854235,7.2,21.6,36.0
59,ali_cal_qatar1b-060.fit,2458040.309872685,80.0,comp_5,comparison,491.5768487369601,39.34793140729727,67362.15881004119,75.05853045920381,12224.044517293001,55138.114292748185,7.2,21.6,36.0
60,ali_cal_qatar1b-061.fit,2458040.3109027776,80.0,target,target,470.49966584418956,203.9440744104383,133263.97957930717,75.71432899903792,12330.847974491848,120933.13160481532,7.2,21.6,36.0
60,ali_cal_qatar1b-061.fit,2458040.3109027776,80.0,comp_1,comparison,479.74055078015635,304.5781784967526,103709.38391463624,74.38210723263707,12113.882120247712,91595.50179438853,7.2,21.6,36.0
60,ali_cal_qatar1b-061.fit,2458040.3109027776,80.0,comp_2,comparison,441.0065903665022,348.8417074389071,83541.64516166424,74.00376516104089,12052.265268736473,71489.37989292777,7.2,21.6,36.0
60,ali_cal_qatar1b-061.fit,2458040.3109027776,80.0,comp_3,comparison,444.5167368576684,45.6717098009526,78518.82646248165,75.096364683709,12230.206205269027,66288.62025721262,7.2,21.6,36.0
60,ali_cal_qatar1b-061.fit,2458040.3109027776,80.0,comp_4,comparison,534.9791186406161,318.952837293944,67170.60940015291,74.71000566327518,12167.28371216203,55003.32568799088,7.2,21.6,36.0
60,ali_cal_qatar1b-061.fit,2458040.3109027776,80.0,comp_5,comparison,491.5768487369601,39.34793140729727,67758.40201109587,75.89657150404865,12360.528018592966,55397.8739925029,7.2,21.6,36.0
61,ali_cal_qatar1b-062.fit,2458040.31193287,80.0,target,target,470.49966584418956,203.9440744104383,133392.06440703623,75.37939368856925,12276.300355180174,121115.76405185607,7.2,21.6,36.0
61,ali_cal_qatar1b-062.fit,2458040.31193287,80.0,comp_1,comparison,479.74055078015635,304.5781784967526,103231.85589789812,75.79519692129597,12344.018137505374,90887.83776039274,7.2,21.6,36.0
61,ali_cal_qatar1b-062.fit,2458040.31193287,80.0,comp_2,comparison,441.0065903665022,348.8417074389071,83686.75729449166,73.51996294627605,11973.473161101689,71713.28413338997,7.2,21.6,36.0
61,ali_cal_qatar1b-062.fit,2458040.31193287,80.0,comp_3,comparison,444.5167368576684,45.6717098009526,78101.04817799968,76.12021587675927,12396.950777622902,65704.09740037678,7.2,21.6,36.0
61,ali_cal_qatar1b-062.fit,2458040.31193287,80.0,comp_4,comparison,534.9791186406161,318.952837293944,68371.31728219465,75.47341064301077,12291.611971720522,56079.70531047413,7.2,21.6,36.0
61,ali_cal_qatar1b-062.fit,2458040.31193287,80.0,comp_5,comparison,491.5768487369601,39.34793140729727,67831.76000217184,75.4392698307929,12286.051793472234,55545.70820869961,7.2,21.6,36.0
62,ali_cal_qatar1b-063.fit,2458040.3129861113,80.0,target,target,470.49966584418956,203.9440744104383,132898.91136349385,74.3080198919727,12101.816243858868,120797.09511963499,7.2,21.6,36.0
62,ali_cal_qatar1b-063.fit,2458040.3129861113,80.0,comp_1,comparison,479.74055078015635,304.5781784967526,103519.40271992008,75.66132257819572,12322.21534014485,91197.18737977523,7.2,21.6,36.0
62,ali_cal_qatar1b-063.fit,2458040.3129861113,80.0,comp_2,comparison,441.0065903665022,348.8417074389071,84667.47851925957,72.66011630789617,11833.438397280763,72834.04012197882,7.2,21.6,36.0
62,ali_cal_qatar1b-063.fit,2458040.3129861113,80.0,comp_3,comparison,444.5167368576684,45.6717098009526,78503.52352939798,75.68679631118266,12326.36399645545,66177.15953294253,7.2,21.6,36.0
62,ali_cal_qatar1b-063.fit,2458040.3129861113,80.0,comp_4,comparison,534.9791186406161,318.952837293944,67798.61357224915,75.3443148009752,12270.587401823062,55528.026170426085,7.2,21.6,36.0
62,ali_cal_qatar1b-063.fit,2458040.3129861113,80.0,comp_5,comparison,491.5768487369601,39.34793140729727,68223.01147918937,75.77712481514295,12341.07491134861,55881.93656784076,7.2,21.6,36.0
63,ali_cal_qatar1b-064.fit,2458040.314027778,80.0,target,target,470.49966584418956,203.9440744104383,134520.99366659834,75.49236780195022,12294.699337718492,122226.29432887986,7.2,21.6,36.0
63,ali_cal_qatar1b-064.fit,2458040.314027778,80.0,comp_1,comparison,479.74055078015635,304.5781784967526,103427.04204895947,75.84290140921328,12351.787298191151,91075.25475076832,7.2,21.6,36.0
63,ali_cal_qatar1b-064.fit,2458040.314027778,80.0,comp_2,comparison,441.0065903665022,348.8417074389071,84361.57079572906,73.72260153170475,12006.474914187544,72355.09588154152,7.2,21.6,36.0
63,ali_cal_qatar1b-064.fit,2458040.314027778,80.0,comp_3,comparison,444.5167368576684,45.6717098009526,79023.03402094258,76.11469761206757,12396.05207213484,66626.98194880773,7.2,21.6,36.0
63,ali_cal_qatar1b-064.fit,2458040.314027778,80.0,comp_4,comparison,534.9791186406161,318.952837293944,68001.14216238252,75.23614325991505,12252.970566996511,55748.171595386004,7.2,21.6,36.0
63,ali_cal_qatar1b-064.fit,2458040.314027778,80.0,comp_5,comparison,491.5768487369601,39.34793140729727,67393.40754579446,76.05703762822168,12386.661557757774,55006.74598803668,7.2,21.6,36.0
64,ali_cal_qatar1b-065.fit,2458040.3150578705,80.0,target,target,470.49966584418956,203.9440744104383,133552.18974869524,75.23780245739196,12253.24078416832,121298.94896452692,7.2,21.6,36.0
64,ali_cal_qatar1b-065.fit,2458040.3150578705,80.0,comp_1,comparison,479.74055078015635,304.5781784967526,103106.88780529363,75.52718053054188,12300.368944377047,90806.51886091659,7.2,21.6,36.0
64,ali_cal_qatar1b-065.fit,2458040.3150578705,80.0,comp_2,comparison,441.0065903665022,348.8417074389071,83793.16929817405,73.63186537158728,11991.697608346109,71801.47168982794,7.2,21.6,36.0
64,ali_cal_qatar1b-065.fit,2458040.3150578705,80.0,comp_3,comparison,444.5167368576684,45.6717098009526,78095.8687947528,75.80690946104488,12345.925643639925,65749.94315111286,7.2,21.6,36.0
64,ali_cal_qatar1b-065.fit,2458040.3150578705,80.0,comp_4,comparison,534.9791186406161,318.952837293944,68651.04173479798,76.1960959085887,12409.308611987388,56241.73312281059,7.2,21.6,36.0
64,ali_cal_qatar1b-065.fit,2458040.3150578705,80.0,comp_5,comparison,491.5768487369601,39.34793140729727,67724.33383628004,78.0379702836628,12709.276573236037,55015.05726304401,7.2,21.6,36.0
65,ali_cal_qatar1b-066.fit,2458040.316111111,80.0,target,target,470.49966584418956,203.9440744104383,133155.58434396161,76.19636132701578,12409.351838075727,120746.23250588588,7.2,21.6,36.0
65,ali_cal_qatar1b-066.fit,2458040.316111111,80.0,comp_1,comparison,479.74055078015635,304.5781784967526,103640.42059240947,76.10052690078439,12393.744227783138,91246.67636462633,7.2,21.6,36.0
65,ali_cal_qatar1b-066.fit,2458040.316111111,80.0,comp_2,comparison,441.0065903665022,348.8417074389071,84220.50055088257,74.23817971143376,12090.442060661024,72130.05849022155,7.2,21.6,36.0
65,ali_cal_qatar1b-066.fit,2458040.316111111,80.0,comp_3,comparison,444.5167368576684,45.6717098009526,78714.0448936485,75.83127957105339,12349.894563732189,66364.15032991632,7.2,21.6,36.0
65,ali_cal_qatar1b-066.fit,2458040.316111111,80.0,comp_4,comparison,534.9791186406161,318.952837293944,67923.43365997913,75.83162356293995,12349.95058630696,55573.48307367216,7.2,21.6,36.0
65,ali_cal_qatar1b-066.fit,2458040.316111111,80.0,comp_5,comparison,491.5768487369601,39.34793140729727,67653.46628447794,75.78079566530155,12341.672746604385,55311.79353787356,7.2,21.6,36.0
66,ali_cal_qatar1b-067.fit,2458040.3171527777,80.0,target,target,470.49966584418956,203.9440744104383,134250.28593742324,75.98489137300524,12374.91180686169,121875.37413056154,7.2,21.6,36.0
66,ali_cal_qatar1b-067.fit,2458040.3171527777,80.0,comp_1,comparison,479.74055078015635,304.5781784967526,104092.66903127273,75.36435261043525,12273.850762741136,91818.8182685316,7.2,21.6,36.0
66,ali_cal_qatar1b-067.fit,2458040.3171527777,80.0,comp_2,comparison,441.0065903665022,348.8417074389071,84004.95982201926,74.77150854443201,12177.300081422169,71827.65974059708,7.2,21.6,36.0
66,ali_cal_qatar1b-067.fit,2458040.3171527777,80.0,comp_3,comparison,444.5167368576684,45.6717098009526,78414.5456499272,76.01353261824636,12379.576324734824,66034.96932519237,7.2,21.6,36.0
66,ali_cal_qatar1b-067.fit,2458040.3171527777,80.0,comp_4,comparison,534.9791186406161,318.952837293944,68038.45185328198,75.81138195555039,12346.654034824833,55691.79781845715,7.2,21.6,36.0
66,ali_cal_qatar1b-067.fit,2458040.3171527777,80.0,comp_5,comparison,491.5768487369601,39.34793140729727,68081.75430441559,75.42966251574495,12284.487144575976,55797.26715983961,7.2,21.6,36.0
67,ali_cal_qatar1b-068.fit,2458040.3181828703,80.0,target,target,470.49966584418956,203.9440744104383,135402.14036562678,75.6058918153937,12313.187877070714,123088.95248855607,7.2,21.6,36.0
67,ali_cal_qatar1b-068.fit,2458040.3181828703,80.0,comp_1,comparison,479.74055078015635,304.5781784967526,103527.44985840248,75.59024705799794,12310.639969328608,91216.80988907388,7.2,21.6,36.0
67,ali_cal_qatar1b-068.fit,2458040.3181828703,80.0,comp_2,comparison,441.0065903665022,348.8417074389071,83484.96102880541,74.54754403813685,12140.825185384421,71344.13584342098,7.2,21.6,36.0
67,ali_cal_qatar1b-068.fit,2458040.3181828703,80.0,comp_3,comparison,444.5167368576684,45.6717098009526,79520.86680056647,76.12011374362615,12396.934144204177,67123.93265636229,7.2,21.6,36.0
67,ali_cal_qatar1b-068.fit,2458040.3181828703,80.0,comp_4,comparison,534.9791186406161,318.952837293944,67424.57291756489,75.77885980559012,12341.357472175921,55083.21544538897,7.2,21.6,36.0
67,ali_cal_qatar1b-068.fit,2458040.3181828703,80.0,comp_5,comparison,491.5768487369601,39.34793140729727,67863.63154447812,76.59037164736341,12473.520423135093,55390.11112134303,7.2,21.6,36.0
68,ali_cal_qatar1b-069.fit,2458040.319224537,80.0,target,target,470.49966584418956,203.9440744104383,134855.2417167523,74.01115043606052,12053.468035831167,122801.77368092112,7.2,21.6,36.0
68,ali_cal_qatar1b-069.fit,2458040.319224537,80.0,comp_1,comparison,479.74055078015635,304.5781784967526,104828.1894387637,75.25391531238766,12255.864926361926,92572.32451240177,7.2,21.6,36.0
68,ali_cal_qatar1b-069.fit,2458040.319224537,80.0,comp_2,comparison,441.0065903665022,348.8417074389071,84420.81523328382,74.18000027542497,12080.966948219955,72339.84828506387,7.2,21.6,36.0
68,ali_cal_qatar1b-069.fit,2458040.319224537,80.0,comp_3,comparison,444.5167368576684,45.6717098009526,77922.95797283878,75.42715250650042,12284.078364060873,65638.8796087779,7.2,21.6,36.0
68,ali_cal_qatar1b-069.fit,2458040.319224537,80.0,comp_4,comparison,534.9791186406161,318.952837293944,67700.49224640537,75.67434998606579,12324.336985916148,55376.15526048922,7.2,21.6,36.0
68,ali_cal_qatar1b-069.fit,2458040.319224537,80.0,comp_5,comparison,491.5768487369601,39.34793140729727,67398.95722622423,76.13709036913545,12399.698960204563,54999.258266019664,7.2,21.6,36.0
69,ali_cal_qatar1b-070.fit,2458040.3202662035,80.0,target,target,470.49966584418956,203.9440744104383,134343.1326236774,74.98285889216196,12211.720633537834,122131.41199013958,7.2,21.6,36.0
69,ali_cal_qatar1b-070.fit,2458040.3202662035,80.0,comp_1,comparison,479.74055078015635,304.5781784967526,104038.70223154478,75.1754238613204,12243.081795834281,91795.6204357105,7.2,21.6,36.0
69,ali_cal_qatar1b-070.fit,2458040.3202662035,80.0,comp_2,comparison,441.0065903665022,348.8417074389071,84333.5422798052,74.57615971768331,12145.485539624353,72188.05674018085,7.2,21.6,36.0
69,ali_cal_qatar1b-070.fit,2458040.3202662035,80.0,comp_3,comparison,444.5167368576684,45.6717098009526,78417.71398517967,76.03561541584351,12383.172732754572,66034.5412524251,7.2,21.6,36.0
69,ali_cal_qatar1b-070.fit,2458040.3202662035,80.0,comp_4,comparison,534.9791186406161,318.952837293944,67613.79645713833,75.93471732012082,12366.740452422431,55247.0560047159,7.2,21.6,36.0
69,ali_cal_qatar1b-070.fit,2458040.3202662035,80.0,comp_5,comparison,491.5768487369601,39.34793140729727,67670.23431746819,77.43350676974526,12610.833546733893,55059.4007707343,7.2,21.6,36.0
70,ali_cal_qatar1b-071.fit,2458040.3213078706,80.0,target,target,470.49966584418956,203.9440744104383,133892.35354761215,77.29384599525568,12588.088370213174,121304.26517739898,7.2,21.6,36.0
70,ali_cal_qatar1b-071.fit,2458040.3213078706,80.0,comp_1,comparison,479.74055078015635,304.5781784967526,104024.1757721444,77.14082198276398,12563.166854571058,91461.00891757334,7.2,21.6,36.0
70,ali_cal_qatar1b-071.fit,2458040.3213078706,80.0,comp_2,comparison,441.0065903665022,348.8417074389071,84256.88088165926,76.10585597244099,12394.612121262633,71862.26876039663,7.2,21.6,36.0
70,ali_cal_qatar1b-071.fit,2458040.3213078706,80.0,comp_3,comparison,444.5167368576684,45.6717098009526,78740.95722730097,76.78726914370799,12505.587181515977,66235.37004578499,7.2,21.6,36.0
70,ali_cal_qatar1b-071.fit,2458040.3213078706,80.0,comp_4,comparison,534.9791186406161,318.952837293944,68194.49318143964,76.93674287826927,12529.930498315076,55664.56268312456,7.2,21.6,36.0
70,ali_cal_qatar1b-071.fit,2458040.3213078706,80.0,comp_5,comparison,491.5768487369601,39.34793140729727,67778.10817946108,77.66941202135905,12649.25311450251,55128.85506495857,7.2,21.6,36.0
71,ali_cal_qatar1b-072.fit,2458040.322349537,80.0,target,target,470.49966584418956,203.9440744104383,135462.40916184802,76.2787933469948,12422.776730299292,123039.63243154873,7.2,21.6,36.0
71,ali_cal_qatar1b-072.fit,2458040.322349537,80.0,comp_1,comparison,479.74055078015635,304.5781784967526,104192.55846903013,77.28160769181918,12586.095238118678,91606.46323091145,7.2,21.6,36.0
71,ali_cal_qatar1b-072.fit,2458040.322349537,80.0,comp_2,comparison,441.0065903665022,348.8417074389071,84307.44284283934,75.72975123768276,12333.359642793872,71974.08320004547,7.2,21.6,36.0
71,ali_cal_qatar1b-072.fit,2458040.322349537,80.0,comp_3,comparison,444.5167368576684,45.6717098009526,79425.08424060597,77.97564880742051,12699.126887446715,66725.95735315925,7.2,21.6,36.0
71,ali_cal_qatar1b-072.fit,2458040.322349537,80.0,comp_4,comparison,534.9791186406161,318.952837293944,68595.00942452296,77.13905394478518,12562.878911617354,56032.1305129056,7.2,21.6,36.0
71,ali_cal_qatar1b-072.fit,2458040.322349537,80.0,comp_5,comparison,491.5768487369601,39.34793140729727,68161.70216485977,78.14841611601179,12727.263799512966,55434.43836534681,7.2,21.6,36.0
72,ali_cal_qatar1b-073.fit,2458040.323391204,80.0,target,target,470.49966584418956,203.9440744104383,134103.01859842535,77.18727934951772,12570.732908900654,121532.2856895247,7.2,21.6,36.0
72,ali_cal_qatar1b-073.fit,2458040.323391204,80.0,comp_1,comparison,479.74055078015635,304.5781784967526,104019.97236904799,76.8105252625007,12509.374676817077,91510.5976922309,7.2,21.6,36.0
72,ali_cal_qatar1b-073.fit,2458040.323391204,80.0,comp_2,comparison,441.0065903665022,348.8417074389071,84399.4613941784,75.57035296908188,12307.400014761777,72092.06137941663,7.2,21.6,36.0
72,ali_cal_qatar1b-073.fit,2458040.323391204,80.0,comp_3,comparison,444.5167368576684,45.6717098009526,78776.82968835335,76.44422637767791,12449.719180668742,66327.1105076846,7.2,21.6,36.0
72,ali_cal_qatar1b-073.fit,2458040.323391204,80.0,comp_4,comparison,534.9791186406161,318.952837293944,68834.23235869993,75.87612158040523,12357.197540691745,56477.03481800818,7.2,21.6,36.0
72,ali_cal_qatar1b-073.fit,2458040.323391204,80.0,comp_5,comparison,491.5768487369601,39.34793140729727,68300.4588070044,77.48471455234902,12619.17325456391,55681.28555244049,7.2,21.6,36.0
73,ali_cal_qatar1b-074.fit,2458040.3244212964,80.0,target,target,470.49966584418956,203.9440744104383,134979.4283870933,76.06182184685854,12387.440716385576,122591.98767070772,7.2,21.6,36.0
73,ali_cal_qatar1b-074.fit,2458040.3244212964,80.0,comp_1,comparison,479.74055078015635,304.5781784967526,103775.98112743405,76.01262942837892,12379.429231085645,91396.5518963484,7.2,21.6,36.0
73,ali_cal_qatar1b-074.fit,2458040.3244212964,80.0,comp_2,comparison,441.0065903665022,348.8417074389071,83381.42819116286,75.31300524553845,12265.488322516101,71115.93986864676,7.2,21.6,36.0
73,ali_cal_qatar1b-074.fit,2458040.3244212964,80.0,comp_3,comparison,444.5167368576684,45.6717098009526,77949.45992112471,75.28396443624104,12260.758731575565,65688.70118954915,7.2,21.6,36.0
73,ali_cal_qatar1b-074.fit,2458040.3244212964,80.0,comp_4,comparison,534.9791186406161,318.952837293944,67913.7453706376,76.48822345025334,12456.884551087032,55456.860819550566,7.2,21.6,36.0
73,ali_cal_qatar1b-074.fit,2458040.3244212964,80.0,comp_5,comparison,491.5768487369601,39.34793140729727,68256.7166907494,77.12142530162582,12560.007907916095,55696.7087828333,7.2,21.6,36.0
74,ali_cal_qatar1b-075.fit,2458040.325474537,80.0,target,target,470.49966584418956,203.9440744104383,133210.38089690372,76.62213941042427,12478.694126210477,120731.68677069324,7.2,21.6,36.0
74,ali_cal_qatar1b-075.fit,2458040.325474537,80.0,comp_1,comparison,479.74055078015635,304.5781784967526,102827.5946092082,75.85823649413804,12354.284772624102,90473.3098365841,7.2,21.6,36.0
74,ali_cal_qatar1b-075.fit,2458040.325474537,80.0,comp_2,comparison,441.0065903665022,348.8417074389071,83008.39356590316,75.11469564414466,12233.191588476499,70775.20197742665,7.2,21.6,36.0
74,ali_cal_qatar1b-075.fit,2458040.325474537,80.0,comp_3,comparison,444.5167368576684,45.6717098009526,78936.3304623251,75.90482652261007,12361.872432262782,66574.45803006232,7.2,21.6,36.0
74,ali_cal_qatar1b-075.fit,2458040.325474537,80.0,comp_4,comparison,534.9791186406161,318.952837293944,67773.62863758876,76.05980582188424,12387.112386229323,55386.51625135943,7.2,21.6,36.0
74,ali_cal_qatar1b-075.fit,2458040.325474537,80.0,comp_5,comparison,491.5768487369601,39.34793140729727,66729.68746591597,77.70029057702546,12654.28200111655,54075.40546479942,7.2,21.6,36.0
75,ali_cal_qatar1b-076.fit,2458040.3265162036,80.0,target,target,470.49966584418956,203.9440744104383,133622.2309786388,78.03855239123135,12709.371375369628,120912.85960326917,7.2,21.6,36.0
75,ali_cal_qatar1b-076.fit,2458040.3265162036,80.0,comp_1,comparison,479.74055078015635,304.5781784967526,103836.79683556936,76.5597466367577,12468.532828911004,91368.26400665836,7.2,21.6,36.0
75,ali_cal_qatar1b-076.fit,2458040.3265162036,80.0,comp_2,comparison,441.0065903665022,348.8417074389071,84068.8623225168,75.00738899363671,12215.715609866395,71853.1467126504,7.2,21.6,36.0
75,ali_cal_qatar1b-076.fit,2458040.3265162036,80.0,comp_3,comparison,444.5167368576684,45.6717098009526,79674.99022204574,76.71035547511119,12493.061008898907,67181.92921314684,7.2,21.6,36.0
75,ali_cal_qatar1b-076.fit,2458040.3265162036,80.0,comp_4,comparison,534.9791186406161,318.952837293944,67968.25386299781,76.68796338428785,12489.41422933388,55478.83963366393,7.2,21.6,36.0
75,ali_cal_qatar1b-076.fit,2458040.3265162036,80.0,comp_5,comparison,491.5768487369601,39.34793140729727,67246.0151379485,78.5331869907158,12789.927646947284,54456.08749100122,7.2,21.6,36.0
76,ali_cal_qatar1b-077.fit,2458040.3275694447,80.0,target,target,470.49966584418956,203.9440744104383,133634.21596692564,77.04546568228258,12547.637111916125,121086.57885500952,7.2,21.6,36.0
76,ali_cal_qatar1b-077.fit,2458040.3275694447,80.0,comp_1,comparison,479.74055078015635,304.5781784967526,104280.46929482963,76.08599180069392,12391.377039010826,91889.0922558188,7.2,21.6,36.0
76,ali_cal_qatar1b-077.fit,2458040.3275694447,80.0,comp_2,comparison,441.0065903665022,348.8417074389071,84468.72289274428,73.91275821154656,12037.443862092941,72431.27903065133,7.2,21.6,36.0
76,ali_cal_qatar1b-077.fit,2458040.3275694447,80.0,comp_3,comparison,444.5167368576684,45.6717098009526,79178.52447979113,75.98646578890676,12375.168216492295,66803.35626329883,7.2,21.6,36.0
76,ali_cal_qatar1b-077.fit,2458040.3275694447,80.0,comp_4,comparison,534.9791186406161,318.952837293944,68902.89721664513,76.46219125695583,12452.644943839132,56450.252272806,7.2,21.6,36.0
76,ali_cal_qatar1b-077.fit,2458040.3275694447,80.0,comp_5,comparison,491.5768487369601,39.34793140729727,67457.55488642454,77.2324013969361,12578.081492905418,54879.47339351912,7.2,21.6,36.0
77,ali_cal_qatar1b-078.fit,2458040.3286111113,80.0,target,target,470.49966584418956,203.9440744104383,133881.1197589322,76.29768765508705,12425.853860398029,121455.26589853418,7.2,21.6,36.0
77,ali_cal_qatar1b-078.fit,2458040.3286111113,80.0,comp_1,comparison,479.74055078015635,304.5781784967526,103231.2768592831,75.19384111020774,12246.081231993072,90985.19562729003,7.2,21.6,36.0
77,ali_cal_qatar1b-078.fit,2458040.3286111113,80.0,comp_2,comparison,441.0065903665022,348.8417074389071,82866.23462106436,73.71829809240303,12005.774055360707,70860.46056570366,7.2,21.6,36.0
77,ali_cal_qatar1b-078.fit,2458040.3286111113,80.0,comp_3,comparison,444.5167368576684,45.6717098009526,77890.60056223362,76.01334083028709,12379.545090116486,65511.055472117136,7.2,21.6,36.0
77,ali_cal_qatar1b-078.fit,2458040.3286111113,80.0,comp_4,comparison,534.9791186406161,318.952837293944,67968.55985398075,76.39038686003177,12440.950868040323,55527.60898594043,7.2,21.6,36.0
77,ali_cal_qatar1b-078.fit,2458040.3286111113,80.0,comp_5,comparison,491.5768487369601,39.34793140729727,68189.01755811356,76.81717167676527,12510.457112928647,55678.56044518491,7.2,21.6,36.0
78,ali_cal_qatar1b-079.fit,2458040.329664352,80.0,target,target,470.49966584418956,203.9440744104383,134278.00325608914,77.49633763952096,12621.06619243718,121656.93706365196,7.2,21.6,36.0
78,ali_cal_qatar1b-079.fit,2458040.329664352,80.0,comp_1,comparison,479.74055078015635,304.5781784967526,103392.65141368174,75.72832362313734,12333.127141256073,91059.52427242567,7.2,21.6,36.0
78,ali_cal_qatar1b-079.fit,2458040.329664352,80.0,comp_2,comparison,441.0065903665022,348.8417074389071,83553.43943922395,75.1146005432573,12233.176100330465,71320.26333889348,7.2,21.6,36.0
78,ali_cal_qatar1b-079.fit,2458040.329664352,80.0,comp_3,comparison,444.5167368576684,45.6717098009526,79724.22649097713,77.68408280727051,12651.642401089766,67072.58408988737,7.2,21.6,36.0
78,ali_cal_qatar1b-079.fit,2458040.329664352,80.0,comp_4,comparison,534.9791186406161,318.952837293944,68351.75192961702,76.77430937522664,12503.476551506561,55848.27537811046,7.2,21.6,36.0
78,ali_cal_qatar1b-079.fit,2458040.329664352,80.0,comp_5,comparison,491.5768487369601,39.34793140729727,68151.54955115062,77.18014916180712,12569.571685366729,55581.97786578389,7.2,21.6,36.0
79,ali_cal_qatar1b-080.fit,2458040.3306944445,80.0,target,target,470.49966584418956,203.9440744104383,133382.65281367349,76.3292658088074,12430.996683665286,120951.6561300082,7.2,21.6,36.0
79,ali_cal_qatar1b-080.fit,2458040.3306944445,80.0,comp_1,comparison,479.74055078015635,304.5781784967526,104021.00678244939,76.63039109996858,12480.037997716026,91540.96878473336,7.2,21.6,36.0
79,ali_cal_qatar1b-080.fit,2458040.3306944445,80.0,comp_2,comparison,441.0065903665022,348.8417074389071,83320.59326428905,74.58489445419951,12146.90808023856,71173.6851840505,7.2,21.6,36.0
79,ali_cal_qatar1b-080.fit,2458040.3306944445,80.0,comp_3,comparison,444.5167368576684,45.6717098009526,78641.17125978574,77.29343578712647,12588.021563650322,66053.14969613541,7.2,21.6,36.0
79,ali_cal_qatar1b-080.fit,2458040.3306944445,80.0,comp_4,comparison,534.9791186406161,318.952837293944,67772.09725227804,76.03265933613412,12382.69130513078,55389.40594714726,7.2,21.6,36.0
79,ali_cal_qatar1b-080.fit,2458040.3306944445,80.0,comp_5,comparison,491.5768487369601,39.34793140729727,67874.48008700329,76.39390468595329,12441.523781743877,55432.95630525942,7.2,21.6,36.0
80,ali_cal_qatar1b-081.fit,2458040.331747685,80.0,target,target,470.49966584418956,203.9440744104383,133551.2737502862,76.79131324153195,12506.245803947431,121045.02794633877,7.2,21.6,36.0
80,ali_cal_qatar1b-081.fit,2458040.331747685,80.0,comp_1,comparison,479.74055078015635,304.5781784967526,103430.37701242775,75.43017914995225,12284.571283707272,91145.80572872047,7.2,21.6,36.0
80,ali_cal_qatar1b-081.fit,2458040.331747685,80.0,comp_2,comparison,441.0065903665022,348.8417074389071,83673.22532937415,74.91473249638977,12200.62555760673,71472.59977176742,7.2,21.6,36.0
80,ali_cal_qatar1b-081.fit,2458040.331747685,80.0,comp_3,comparison,444.5167368576684,45.6717098009526,78613.91073734015,76.257913735308,12419.376273333217,66194.53446400694,7.2,21.6,36.0
80,ali_cal_qatar1b-081.fit,2458040.331747685,80.0,comp_4,comparison,534.9791186406161,318.952837293944,67498.48939063755,75.19231270462068,12245.832315609783,55252.65707502777,7.2,21.6,36.0
80,ali_cal_qatar1b-081.fit,2458040.331747685,80.0,comp_5,comparison,491.5768487369601,39.34793140729727,67332.41786302207,75.6772402581481,12324.807696099057,55007.61016692301,7.2,21.6,36.0
81,ali_cal_qatar1b-082.fit,2458040.3327893517,80.0,target,target,470.49966584418956,203.9440744104383,132753.98122061015,76.53933341236845,12465.208327856308,120288.77289275384,7.2,21.6,36.0
81,ali_cal_qatar1b-082.fit,2458040.3327893517,80.0,comp_1,comparison,479.74055078015635,304.5781784967526,103888.96605623927,77.37900175304001,12601.956850820123,91287.00920541915,7.2,21.6,36.0
81,ali_cal_qatar1b-082.fit,2458040.3327893517,80.0,comp_2,comparison,441.0065903665022,348.8417074389071,84063.63950638867,75.79109424714835,12343.349975324292,71720.28953106438,7.2,21.6,36.0
81,ali_cal_qatar1b-082.fit,2458040.3327893517,80.0,comp_3,comparison,444.5167368576684,45.6717098009526,78770.99776892437,77.5342266217544,12627.236798265763,66143.76097065861,7.2,21.6,36.0
81,ali_cal_qatar1b-082.fit,2458040.3327893517,80.0,comp_4,comparison,534.9791186406161,318.952837293944,67719.98798738902,77.52151956771336,12625.167325371329,55094.820662017686,7.2,21.6,36.0
81,ali_cal_qatar1b-082.fit,2458040.3327893517,80.0,comp_5,comparison,491.5768487369601,39.34793140729727,68350.1642579223,78.4350139019656,12773.9391616953,55576.225096227,7.2,21.6,36.0
82,ali_cal_qatar1b-083.fit,2458040.3338194443,80.0,target,target,470.49966584418956,203.9440744104383,132485.57381339822,77.17254101194195,12568.332620838324,119917.2411925599,7.2,21.6,36.0
82,ali_cal_qatar1b-083.fit,2458040.3338194443,80.0,comp_1,comparison,479.74055078015635,304.5781784967526,104123.52306527518,77.96403064084612,12697.234750942764,91426.28831433241,7.2,21.6,36.0
82,ali_cal_qatar1b-083.fit,2458040.3338194443,80.0,comp_2,comparison,441.0065903665022,348.8417074389071,84436.93371867112,75.3933983744487,12278.581160607535,72158.35255806359,7.2,21.6,36.0
82,ali_cal_qatar1b-083.fit,2458040.3338194443,80.0,comp_3,comparison,444.5167368576684,45.6717098009526,78750.39677799845,77.57481278969168,12633.846668198152,66116.5501098003,7.2,21.6,36.0
82,ali_cal_qatar1b-083.fit,2458040.3338194443,80.0,comp_4,comparison,534.9791186406161,318.952837293944,67829.15756308843,77.14993115804431,12564.650376343485,55264.507186744944,7.2,21.6,36.0
82,ali_cal_qatar1b-083.fit,2458040.3338194443,80.0,comp_5,comparison,491.5768487369601,39.34793140729727,67878.79622724152,78.83733314188754,12839.460938752236,55039.33528848928,7.2,21.6,36.0
83,ali_cal_qatar1b-084.fit,2458040.3348726854,80.0,target,target,470.49966584418956,203.9440744104383,133826.29873601077,78.76431489560241,12827.569175248429,120998.72956076234,7.2,21.6,36.0
83,ali_cal_qatar1b-084.fit,2458040.3348726854,80.0,comp_1,comparison,479.74055078015635,304.5781784967526,103915.53165728446,77.01821958669652,12543.199808343448,91372.33184894102,7.2,21.6,36.0
83,ali_cal_qatar1b-084.fit,2458040.3348726854,80.0,comp_2,comparison,441.0065903665022,348.8417074389071,84003.7563232647,75.06436676471748,12224.995018961221,71778.76130430348,7.2,21.6,36.0
83,ali_cal_qatar1b-084.fit,2458040.3348726854,80.0,comp_3,comparison,444.5167368576684,45.6717098009526,78542.13391962509,76.84018431662295,12514.204955210658,66027.92896441443,7.2,21.6,36.0
83,ali_cal_qatar1b-084.fit,2458040.3348726854,80.0,comp_4,comparison,534.9791186406161,318.952837293944,67820.26600922165,77.29297143888942,12587.945939820673,55232.32006940098,7.2,21.6,36.0
83,ali_cal_qatar1b-084.fit,2458040.3348726854,80.0,comp_5,comparison,491.5768487369601,39.34793140729727,67497.65331302607,77.59900261294153,12637.786226759486,54859.867086266575,7.2,21.6,36.0
84,ali_cal_qatar1b-085.fit,2458040.335914352,80.0,target,target,470.49966584418956,203.9440744104383,134294.10973645427,78.12703817653887,12723.782184802338,121570.32755165192,7.2,21.6,36.0
84,ali_cal_qatar1b-085.fit,2458040.335914352,80.0,comp_1,comparison,479.74055078015635,304.5781784967526,104180.41396281958,76.82228530007791,12511.289918455692,91669.1240443639,7.2,21.6,36.0
84,ali_cal_qatar1b-085.fit,2458040.335914352,80.0,comp_2,comparison,441.0065903665022,348.8417074389071,84586.1527155221,74.94256116894276,12205.157739759296,72380.9949757628,7.2,21.6,36.0
84,ali_cal_qatar1b-085.fit,2458040.335914352,80.0,comp_3,comparison,444.5167368576684,45.6717098009526,78743.10170713998,77.08905939577136,12554.736791207748,66188.36491593224,7.2,21.6,36.0
84,ali_cal_qatar1b-085.fit,2458040.335914352,80.0,comp_4,comparison,534.9791186406161,318.952837293944,67938.88289636039,77.4787725591926,12618.205540588948,55320.67735577144,7.2,21.6,36.0
84,ali_cal_qatar1b-085.fit,2458040.335914352,80.0,comp_5,comparison,491.5768487369601,39.34793140729727,67765.65817140375,78.62613643016375,12805.065407821603,54960.59276358214,7.2,21.6,36.0
85,ali_cal_qatar1b-086.fit,2458040.3369560186,80.0,target,target,470.49966584418956,203.9440744104383,134070.46864284022,77.82063743548767,12673.881710121752,121396.58693271846,7.2,21.6,36.0
85,ali_cal_qatar1b-086.fit,2458040.3369560186,80.0,comp_1,comparison,479.74055078015635,304.5781784967526,104524.41803946346,77.14411518489769,12563.703186007879,91960.71485345557,7.2,21.6,36.0
85,ali_cal_qatar1b-086.fit,2458040.3369560186,80.0,comp_2,comparison,441.0065903665022,348.8417074389071,84354.27599780625,75.61481541558803,12314.641176054354,72039.6348217519,7.2,21.6,36.0
85,ali_cal_qatar1b-086.fit,2458040.3369560186,80.0,comp_3,comparison,444.5167368576684,45.6717098009526,78462.6088582133,77.58120422250329,12634.887577988691,65827.7212802246,7.2,21.6,36.0
85,ali_cal_qatar1b-086.fit,2458040.3369560186,80.0,comp_4,comparison,534.9791186406161,318.952837293944,68756.38251643049,78.1916248549464,12734.300781785885,56022.0817346446,7.2,21.6,36.0
85,ali_cal_qatar1b-086.fit,2458040.3369560186,80.0,comp_5,comparison,491.5768487369601,39.34793140729727,68360.6090281687,78.72879344777752,12821.784146459913,55538.824881708795,7.2,21.6,36.0
86,ali_cal_qatar1b-087.fit,2458040.337997685,80.0,target,target,470.49966584418956,203.9440744104383,134044.001698974,76.96328707337656,12534.253490261255,121509.74820871274,7.2,21.6,36.0
86,ali_cal_qatar1b-087.fit,2458040.337997685,80.0,comp_1,comparison,479.74055078015635,304.5781784967526,103519.43512890446,77.28496549567576,12586.642090602629,90932.79303830182,7.2,21.6,36.0
86,ali_cal_qatar1b-087.fit,2458040.337997685,80.0,comp_2,comparison,441.0065903665022,348.8417074389071,84255.79062809021,75.45048429597745,12287.878183101966,71967.91244498824,7.2,21.6,36.0
86,ali_cal_qatar1b-087.fit,2458040.337997685,80.0,comp_3,comparison,444.5167368576684,45.6717098009526,78407.02283975274,76.64844346736649,12482.978009215913,65924.04483053682,7.2,21.6,36.0
86,ali_cal_qatar1b-087.fit,2458040.337997685,80.0,comp_4,comparison,534.9791186406161,318.952837293944,67332.4954723969,77.76739364072564,12665.21041701944,54667.28505537746,7.2,21.6,36.0
86,ali_cal_qatar1b-087.fit,2458040.337997685,80.0,comp_5,comparison,491.5768487369601,39.34793140729727,68195.77749251317,78.42695745528697,12772.62708747471,55423.150405038454,7.2,21.6,36.0
87,ali_cal_qatar1b-088.fit,2458040.339039352,80.0,target,target,470.49966584418956,203.9440744104383,133096.5835735869,76.74534523341396,12498.7594466451,120597.82412694179,7.2,21.6,36.0
87,ali_cal_qatar1b-088.fit,2458040.339039352,80.0,comp_1,comparison,479.74055078015635,304.5781784967526,103500.00047095146,76.4554482559925,12451.546777602041,91048.45369334942,7.2,21.6,36.0
87,ali_cal_qatar1b-088.fit,2458040.339039352,80.0,comp_2,comparison,441.0065903665022,348.8417074389071,83694.21307052652,75.42783032987305,12284.188754485935,71410.02431604058,7.2,21.6,36.0
87,ali_cal_qatar1b-088.fit,2458040.339039352,80.0,comp_3,comparison,444.5167368576684,45.6717098009526,77429.46295776349,76.76294285123237,12501.62539755427,64927.83756020922,7.2,21.6,36.0
87,ali_cal_qatar1b-088.fit,2458040.339039352,80.0,comp_4,comparison,534.9791186406161,318.952837293944,67977.79439035156,76.5153895201179,12461.308821657647,55516.48556869391,7.2,21.6,36.0
87,ali_cal_qatar1b-088.fit,2458040.339039352,80.0,comp_5,comparison,491.5768487369601,39.34793140729727,67327.89794334848,77.74396357556947,12661.394592785206,54666.503350563275,7.2,21.6,36.0
88,ali_cal_qatar1b-089.fit,2458040.3400694444,80.0,target,target,470.49966584418956,203.9440744104383,133505.44261311006,77.68644809232411,12652.02761179952,120853.41500131054,7.2,21.6,36.0
88,ali_cal_qatar1b-089.fit,2458040.3400694444,80.0,comp_1,comparison,479.74055078015635,304.5781784967526,103053.82900325808,76.33259449794734,12431.53879452173,90622.29020873635,7.2,21.6,36.0
88,ali_cal_qatar1b-089.fit,2458040.3400694444,80.0,comp_2,comparison,441.0065903665022,348.8417074389071,83494.64672076194,74.8401873187142,12188.48511780754,71306.16160295441,7.2,21.6,36.0
88,ali_cal_qatar1b-089.fit,2458040.3400694444,80.0,comp_3,comparison,444.5167368576684,45.6717098009526,78035.99790552704,77.01100895975597,12542.02548446341,65493.97242106363,7.2,21.6,36.0
88,ali_cal_qatar1b-089.fit,2458040.3400694444,80.0,comp_4,comparison,534.9791186406161,318.952837293944,67707.9299264247,76.28292309042612,12423.449300988334,55284.480625436365,7.2,21.6,36.0
88,ali_cal_qatar1b-089.fit,2458040.3400694444,80.0,comp_5,comparison,491.5768487369601,39.34793140729727,67827.2607035794,77.10703624478228,12557.664503770806,55269.5961998086,7.2,21.6,36.0
89,ali_cal_qatar1b-090.fit,2458040.341111111,80.0,target,target,470.49966584418956,203.9440744104383,133341.7797365224,78.48170526601501,12781.543324862647,120560.23641165976,7.2,21.6,36.0
89,ali_cal_qatar1b-090.fit,2458040.341111111,80.0,comp_1,comparison,479.74055078015635,304.5781784967526,103340.03058194675,76.59388050122388,12474.09187564732,90865.93870629942,7.2,21.6,36.0
89,ali_cal_qatar1b-090.fit,2458040.341111111,80.0,comp_2,comparison,441.0065903665022,348.8417074389071,84225.21137375884,75.17299159709845,12242.685676886242,71982.52569687259,7.2,21.6,36.0
89,ali_cal_qatar1b-090.fit,2458040.341111111,80.0,comp_3,comparison,444.5167368576684,45.6717098009526,79419.08779752284,78.12950655115051,12724.184184694333,66694.90361282851,7.2,21.6,36.0
89,ali_cal_qatar1b-090.fit,2458040.341111111,80.0,comp_4,comparison,534.9791186406161,318.952837293944,68649.15292077915,77.82988334519759,12675.38750048569,55973.76542029346,7.2,21.6,36.0
89,ali_cal_qatar1b-090.fit,2458040.341111111,80.0,comp_5,comparison,491.5768487369601,39.34793140729727,67551.63996446683,78.14655175676657,12726.960169662098,54824.67979480473,7.2,21.6,36.0
90,ali_cal_qatar1b-091.fit,2458040.3421527776,80.0,target,target,470.49966584418956,203.9440744104383,133879.93756378937,76.97827832717297,12536.694968300544,121343.24259548882,7.2,21.6,36.0
90,ali_cal_qatar1b-091.fit,2458040.3421527776,80.0,comp_1,comparison,479.74055078015635,304.5781784967526,103303.7469760346,77.79626836979241,12669.912960106514,90633.83401592809,7.2,21.6,36.0
90,ali_cal_qatar1b-091.fit,2458040.3421527776,80.0,comp_2,comparison,441.0065903665022,348.8417074389071,84940.10598972838,75.25921796720499,12256.728517590667,72683.37747213771,7.2,21.6,36.0
90,ali_cal_qatar1b-091.fit,2458040.3421527776,80.0,comp_3,comparison,444.5167368576684,45.6717098009526,78643.69691994408,77.90333950197345,12687.350582163468,65956.34633778062,7.2,21.6,36.0
90,ali_cal_qatar1b-091.fit,2458040.3421527776,80.0,comp_4,comparison,534.9791186406161,318.952837293944,67500.41473937509,78.16565758946196,12730.071748692215,54770.342990682875,7.2,21.6,36.0
90,ali_cal_qatar1b-091.fit,2458040.3421527776,80.0,comp_5,comparison,491.5768487369601,39.34793140729727,67910.31206652703,78.31674115439675,12754.677242728607,55155.63482379842,7.2,21.6,36.0
91,ali_cal_qatar1b-092.fit,2458040.3432060187,80.0,target,target,470.49966584418956,203.9440744104383,133473.18107446542,76.19483369001273,12409.103046864158,121064.07802760127,7.2,21.6,36.0
91,ali_cal_qatar1b-092.fit,2458040.3432060187,80.0,comp_1,comparison,479.74055078015635,304.5781784967526,103884.31212484579,77.98110863948858,12700.016076588157,91184.29604825763,7.2,21.6,36.0
91,ali_cal_qatar1b-092.fit,2458040.3432060187,80.0,comp_2,comparison,441.0065903665022,348.8417074389071,83344.62663663353,74.92739638070508,12202.687999872587,71141.93863676094,7.2,21.6,36.0
91,ali_cal_qatar1b-092.fit,2458040.3432060187,80.0,comp_3,comparison,444.5167368576684,45.6717098009526,76654.42709899995,76.42654443733475,12446.839496979434,64207.58760202052,7.2,21.6,36.0
91,ali_cal_qatar1b-092.fit,2458040.3432060187,80.0,comp_4,comparison,534.9791186406161,318.952837293944,67678.9460106004,76.67890798679282,12487.93946582034,55191.00654478006,7.2,21.6,36.0
91,ali_cal_qatar1b-092.fit,2458040.3432060187,80.0,comp_5,comparison,491.5768487369601,39.34793140729727,67840.04116940456,77.16120200318669,12566.485948022348,55273.555221382216,7.2,21.6,36.0
92,ali_cal_qatar1b-093.fit,2458040.3442361113,80.0,target,target,470.49966584418956,203.9440744104383,132244.0629318008,76.64132785183033,12481.819158908695,119762.24377289212,7.2,21.6,36.0
92,ali_cal_qatar1b-093.fit,2458040.3442361113,80.0,comp_1,comparison,479.74055078015635,304.5781784967526,104061.55679482041,75.81293304460854,12346.906645441923,91714.65014937849,7.2,21.6,36.0
92,ali_cal_qatar1b-093.fit,2458040.3442361113,80.0,comp_2,comparison,441.0065903665022,348.8417074389071,84252.55510814441,75.34087311124833,12270.026887672591,71982.52822047182,7.2,21.6,36.0
92,ali_cal_qatar1b-093.fit,2458040.3442361113,80.0,comp_3,comparison,444.5167368576684,45.6717098009526,78307.15542386496,76.45234798820944,12451.041867485046,65856.1135563799,7.2,21.6,36.0
92,ali_cal_qatar1b-093.fit,2458040.3442361113,80.0,comp_4,comparison,534.9791186406161,318.952837293944,67547.03576777718,76.32427518437994,12430.183909756748,55116.85185802043,7.2,21.6,36.0
92,ali_cal_qatar1b-093.fit,2458040.3442361113,80.0,comp_5,comparison,491.5768487369601,39.34793140729727,67770.74905479718,77.34172260461088,12595.885562624411,55174.86349217277,7.2,21.6,36.0
93,ali_cal_qatar1b-094.fit,2458040.345277778,80.0,target,target,470.49966584418956,203.9440744104383,131000.561657633,76.80681930616022,12508.771124162793,118491.79053347021,7.2,21.6,36.0
93,ali_cal_qatar1b-094.fit,2458040.345277778,80.0,comp_1,comparison,479.74055078015635,304.5781784967526,103607.20679367178,76.56875040175666,12469.999183547809,91137.20761012397,7.2,21.6,36.0
93,ali_cal_qatar1b-094.fit,2458040.345277778,80.0,comp_2,comparison,441.0065903665022,348.8417074389071,83570.32493410574,74.8389417246689,12188.282260158088,71382.04267394765,7.2,21.6,36.0
93,ali_cal_qatar1b-094.fit,2458040.345277778,80.0,comp_3,comparison,444.5167368576684,45.6717098009526,77631.75663989651,76.73108774986997,12496.437470548844,65135.31916934767,7.2,21.6,36.0
93,ali_cal_qatar1b-094.fit,2458040.345277778,80.0,comp_4,comparison,534.9791186406161,318.952837293944,67814.780049719,76.65377396364,12483.846134708752,55330.93391501025,7.2,21.6,36.0
93,ali_cal_qatar1b-094.fit,2458040.345277778,80.0,comp_5,comparison,491.5768487369601,39.34793140729727,67002.55846557916,77.69567407134055,12653.530156247467,54349.0283093317,7.2,21.6,36.0
94,ali_cal_qatar1b-095.fit,2458040.3463310185,80.0,target,target,470.49966584418956,203.9440744104383,131732.3199727955,78.7475838006433,12824.844346393507,118907.47562640198,7.2,21.6,36.0
94,ali_cal_qatar1b-095.fit,2458040.3463310185,80.0,comp_1,comparison,479.74055078015635,304.5781784967526,103053.60605232151,77.12495186491137,12560.58224458818,90493.02380773333,7.2,21.6,36.0
94,ali_cal_qatar1b-095.fit,2458040.3463310185,80.0,comp_2,comparison,441.0065903665022,348.8417074389071,83360.07130313068,75.3536913601622,12272.114469782156,71087.95683334852,7.2,21.6,36.0
94,ali_cal_qatar1b-095.fit,2458040.3463310185,80.0,comp_3,comparison,444.5167368576684,45.6717098009526,77404.69402358282,77.28909215971643,12587.314159781607,64817.379863801216,7.2,21.6,36.0
94,ali_cal_qatar1b-095.fit,2458040.3463310185,80.0,comp_4,comparison,534.9791186406161,318.952837293944,67673.2297441483,77.6279352240846,12642.49819653095,55030.731547617346,7.2,21.6,36.0
94,ali_cal_qatar1b-095.fit,2458040.3463310185,80.0,comp_5,comparison,491.5768487369601,39.34793140729727,66861.63662193247,79.40967564044512,12932.672731451923,53928.96389048055,7.2,21.6,36.0
95,ali_cal_qatar1b-096.fit,2458040.347361111,80.0,target,target,470.49966584418956,203.9440744104383,131633.8932460917,79.75033761150507,12988.152995641869,118645.74025044983,7.2,21.6,36.0
95,ali_cal_qatar1b-096.fit,2458040.347361111,80.0,comp_1,comparison,479.74055078015635,304.5781784967526,103002.25794208361,78.42886547168735,12772.937827336991,90229.32011474662,7.2,21.6,36.0
95,ali_cal_qatar1b-096.fit,2458040.347361111,80.0,comp_2,comparison,441.0065903665022,348.8417074389071,84134.02523800744,77.05779436182107,12549.644962677336,71584.3802753301,7.2,21.6,36.0
95,ali_cal_qatar1b-096.fit,2458040.347361111,80.0,comp_3,comparison,444.5167368576684,45.6717098009526,77420.06753348318,78.60978728691956,12802.402783685291,64617.664749797885,7.2,21.6,36.0
95,ali_cal_qatar1b-096.fit,2458040.347361111,80.0,comp_4,comparison,534.9791186406161,318.952837293944,67431.87850454859,79.29717593702354,12914.351011396999,54517.52749315159,7.2,21.6,36.0
95,ali_cal_qatar1b-096.fit,2458040.347361111,80.0,comp_5,comparison,491.5768487369601,39.34793140729727,67814.70816938253,80.30398096487194,13078.319442504806,54736.388726877725,7.2,21.6,36.0
96,ali_cal_qatar1b-097.fit,2458040.3483912037,80.0,target,target,470.49966584418956,203.9440744104383,130911.36774346148,79.62947123509656,12968.468677859168,117942.89906560231,7.2,21.6,36.0
96,ali_cal_qatar1b-097.fit,2458040.3483912037,80.0,comp_1,comparison,479.74055078015635,304.5781784967526,102560.11463859605,77.55782478648753,12631.079999224527,89929.03463937152,7.2,21.6,36.0
96,ali_cal_qatar1b-097.fit,2458040.3483912037,80.0,comp_2,comparison,441.0065903665022,348.8417074389071,84036.8689697941,75.57302001815631,12307.834370809202,71729.0345989849,7.2,21.6,36.0
96,ali_cal_qatar1b-097.fit,2458040.3483912037,80.0,comp_3,comparison,444.5167368576684,45.6717098009526,77561.2677775725,77.64915287930869,12645.953707322664,64915.314070249835,7.2,21.6,36.0
96,ali_cal_qatar1b-097.fit,2458040.3483912037,80.0,comp_4,comparison,534.9791186406161,318.952837293944,67361.72896340846,77.54004450530687,12628.184299730376,54733.54466367808,7.2,21.6,36.0
96,ali_cal_qatar1b-097.fit,2458040.3483912037,80.0,comp_5,comparison,491.5768487369601,39.34793140729727,66859.29375031329,78.78927556695422,12831.63427425742,54027.659476055866,7.2,21.6,36.0
97,ali_cal_qatar1b-098.fit,2458040.3494328703,80.0,target,target,470.49966584418956,203.9440744104383,131428.6833858119,78.10227587890233,12719.749392968983,118708.93399284291,7.2,21.6,36.0
97,ali_cal_qatar1b-098.fit,2458040.3494328703,80.0,comp_1,comparison,479.74055078015635,304.5781784967526,102782.63270678054,77.3664469171155,12599.912168192983,90182.72053858756,7.2,21.6,36.0
97,ali_cal_qatar1b-098.fit,2458040.3494328703,80.0,comp_2,comparison,441.0065903665022,348.8417074389071,83631.69655442433,75.62817461044955,12316.816856709216,71314.8796977151,7.2,21.6,36.0
97,ali_cal_qatar1b-098.fit,2458040.3494328703,80.0,comp_3,comparison,444.5167368576684,45.6717098009526,77287.34873221561,77.92356934735275,12690.645218082685,64596.703514132925,7.2,21.6,36.0
97,ali_cal_qatar1b-098.fit,2458040.3494328703,80.0,comp_4,comparison,534.9791186406161,318.952837293944,67085.0871882099,77.66107237033273,12647.894917575648,54437.19227063425,7.2,21.6,36.0
97,ali_cal_qatar1b-098.fit,2458040.3494328703,80.0,comp_5,comparison,491.5768487369601,39.34793140729727,67779.69343451539,78.12549943175118,12723.531584575148,55056.16184994024,7.2,21.6,36.0
98,ali_cal_qatar1b-099.fit,2458040.350474537,80.0,target,target,470.49966584418956,203.9440744104383,131779.1185748243,78.93025313050539,12854.59390325956,118924.52467156474,7.2,21.6,36.0
98,ali_cal_qatar1b-099.fit,2458040.350474537,80.0,comp_1,comparison,479.74055078015635,304.5781784967526,103240.49220037705,77.17162556958701,12568.183531747034,90672.30866863001,7.2,21.6,36.0
98,ali_cal_qatar1b-099.fit,2458040.350474537,80.0,comp_2,comparison,441.0065903665022,348.8417074389071,83837.76450829025,75.97890531023478,12373.936915702194,71463.82759258806,7.2,21.6,36.0
98,ali_cal_qatar1b-099.fit,2458040.350474537,80.0,comp_3,comparison,444.5167368576684,45.6717098009526,77766.30536597178,76.73925703542922,12497.76792172794,65268.53744424385,7.2,21.6,36.0
98,ali_cal_qatar1b-099.fit,2458040.350474537,80.0,comp_4,comparison,534.9791186406161,318.952837293944,67706.00533560399,77.57880116067084,12634.496214946568,55071.509120657414,7.2,21.6,36.0
98,ali_cal_qatar1b-099.fit,2458040.350474537,80.0,comp_5,comparison,491.5768487369601,39.34793140729727,68328.9118765767,78.27689165533242,12748.187346809062,55580.72452976764,7.2,21.6,36.0
99,ali_cal_qatar1b-100.fit,2458040.3515162035,80.0,target,target,470.49966584418956,203.9440744104383,130586.16560210036,78.28169276334654,12748.969256043601,117837.19634605676,7.2,21.6,36.0
99,ali_cal_qatar1b-100.fit,2458040.3515162035,80.0,comp_1,comparison,479.74055078015635,304.5781784967526,102033.97308064089,77.6616931613195,12647.996019697044,89385.97706094384,7.2,21.6,36.0
99,ali_cal_qatar1b-100.fit,2458040.3515162035,80.0,comp_2,comparison,441.0065903665022,348.8417074389071,83616.5494859618,75.31834179962854,12266.357434585936,71350.19205137587,7.2,21.6,36.0
99,ali_cal_qatar1b-100.fit,2458040.3515162035,80.0,comp_3,comparison,444.5167368576684,45.6717098009526,77552.51855281935,77.31472023657793,12591.487952560801,64961.03060025856,7.2,21.6,36.0
99,ali_cal_qatar1b-100.fit,2458040.3515162035,80.0,comp_4,comparison,534.9791186406161,318.952837293944,67662.70841967624,78.24821607357748,12743.517236885686,54919.19118279056,7.2,21.6,36.0
99,ali_cal_qatar1b-100.fit,2458040.3515162035,80.0,comp_5,comparison,491.5768487369601,39.34793140729727,66643.06566817322,78.40215217290412,12768.587295138559,53874.47837303466,7.2,21.6,36.0
100,ali_cal_qatar1b-101.fit,2458040.352546296,80.0,target,target,470.49966584418956,203.9440744104383,130530.50582927183,78.8676078940953,12844.391489836484,117686.11433943534,7.2,21.6,36.0
100,ali_cal_qatar1b-101.fit,2458040.352546296,80.0,comp_1,comparison,479.74055078015635,304.5781784967526,103346.04283257702,78.2077510920432,12736.92710339066,90609.11572918636,7.2,21.6,36.0
100,ali_cal_qatar1b-101.fit,2458040.352546296,80.0,comp_2,comparison,441.0065903665022,348.8417074389071,83934.76938743811,76.9976324026768,12539.846976194947,71394.92241124315,7.2,21.6,36.0
100,ali_cal_qatar1b-101.fit,2458040.352546296,80.0,comp_3,comparison,444.5167368576684,45.6717098009526,78095.15015702379,79.07767185575196,12878.602540906362,65216.54761611743,7.2,21.6,36.0
100,ali_cal_qatar1b-101.fit,2458040.352546296,80.0,comp_4,comparison,534.9791186406161,318.952837293944,67502.60130047986,78.20812946182,12736.988724754245,54765.612575725616,7.2,21.6,36.0
100,ali_cal_qatar1b-101.fit,2458040.352546296,80.0,comp_5,comparison,491.5768487369601,39.34793140729727,67446.24184070915,79.35474669844727,12923.726994995834,54522.51484571331,7.2,21.6,36.0
101,ali_cal_qatar1b-102.fit,2458040.3535763887,80.0,target,target,470.49966584418956,203.9440744104383,131632.20307652655,79.74152403265151,12986.717614751737,118645.48546177482,7.2,21.6,36.0
101,ali_cal_qatar1b-102.fit,2458040.3535763887,80.0,comp_1,comparison,479.74055078015635,304.5781784967526,103681.8424110486,77.94824584937342,12694.664037228042,90987.17837382056,7.2,21.6,36.0
101,ali_cal_qatar1b-102.fit,2458040.3535763887,80.0,comp_2,comparison,441.0065903665022,348.8417074389071,83937.39035516664,76.98257879867589,12537.395343791182,71399.99501137546,7.2,21.6,36.0
101,ali_cal_qatar1b-102.fit,2458040.3535763887,80.0,comp_3,comparison,444.5167368576684,45.6717098009526,77787.92859088155,77.73604213197791,12660.104505189405,65127.82408569215,7.2,21.6,36.0
101,ali_cal_qatar1b-102.fit,2458040.3535763887,80.0,comp_4,comparison,534.9791186406161,318.952837293944,68282.89418871485,79.58662892358777,12961.491372016604,55321.402816698246,7.2,21.6,36.0
101,ali_cal_qatar1b-102.fit,2458040.3535763887,80.0,comp_5,comparison,491.5768487369601,39.34793140729727,67107.43223908996,79.51706820002498,12950.162701227495,54157.26953786246,7.2,21.6,36.0
102,ali_cal_qatar1b-103.fit,2458040.3546296298,80.0,target,target,470.49966584418956,203.9440744104383,130015.5654809903,79.25255155135984,12907.083476666801,117108.48200432351,7.2,21.6,36.0
102,ali_cal_qatar1b-103.fit,2458040.3546296298,80.0,comp_1,comparison,479.74055078015635,304.5781784967526,102311.34772796123,77.64075535179947,12644.586084622353,89666.76164333888,7.2,21.6,36.0
102,ali_cal_qatar1b-103.fit,2458040.3546296298,80.0,comp_2,comparison,441.0065903665022,348.8417074389071,84218.09847807704,77.28338108768872,12586.384053659343,71631.71442441769,7.2,21.6,36.0
102,ali_cal_qatar1b-103.fit,2458040.3546296298,80.0,comp_3,comparison,444.5167368576684,45.6717098009526,78686.97179983923,79.24614209934978,12906.039632266662,65780.93216757257,7.2,21.6,36.0
102,ali_cal_qatar1b-103.fit,2458040.3546296298,80.0,comp_4,comparison,534.9791186406161,318.952837293944,66909.44056342712,76.98632571751054,12538.005567603948,54371.434995823176,7.2,21.6,36.0
102,ali_cal_qatar1b-103.fit,2458040.3546296298,80.0,comp_5,comparison,491.5768487369601,39.34793140729727,66793.00138460778,78.00998077658691,12704.71819754683,54088.28318706095,7.2,21.6,36.0
103,ali_cal_qatar1b-104.fit,2458040.3556712964,80.0,target,target,470.49966584418956,203.9440744104383,129552.56341439209,78.39262872550646,12767.036304941508,116785.52710945059,7.2,21.6,36.0
103,ali_cal_qatar1b-104.fit,2458040.3556712964,80.0,comp_1,comparison,479.74055078015635,304.5781784967526,103009.6748287568,78.21183983297433,12737.592996405832,90272.08183235097,7.2,21.6,36.0
103,ali_cal_qatar1b-104.fit,2458040.3556712964,80.0,comp_2,comparison,441.0065903665022,348.8417074389071,83494.41179959002,77.09074083499901,12555.010630674711,70939.4011689153,7.2,21.6,36.0
103,ali_cal_qatar1b-104.fit,2458040.3556712964,80.0,comp_3,comparison,444.5167368576684,45.6717098009526,78224.29272252976,78.68558493278968,12814.747200659003,65409.54552187076,7.2,21.6,36.0
103,ali_cal_qatar1b-104.fit,2458040.3556712964,80.0,comp_4,comparison,534.9791186406161,318.952837293944,67642.03431444895,79.05932010771258,12875.613772226361,54766.420542222586,7.2,21.6,36.0
103,ali_cal_qatar1b-104.fit,2458040.3556712964,80.0,comp_5,comparison,491.5768487369601,39.34793140729727,67054.52045953993,79.36018341731906,12924.61241991836,54129.908039621565,7.2,21.6,36.0
104,ali_cal_qatar1b-105.fit,2458040.356701389,80.0,target,target,470.49966584418956,203.9440744104383,130063.86525802579,79.63981030743,12970.152500866336,117093.71275715946,7.2,21.6,36.0
104,ali_cal_qatar1b-105.fit,2458040.356701389,80.0,comp_1,comparison,479.74055078015635,304.5781784967526,103758.61347282914,78.93420305777995,12855.237189059973,90903.37628376916,7.2,21.6,36.0
104,ali_cal_qatar1b-105.fit,2458040.356701389,80.0,comp_2,comparison,441.0065903665022,348.8417074389071,83501.51609682162,76.977836080332,12536.622943907863,70964.89315291376,7.2,21.6,36.0
104,ali_cal_qatar1b-105.fit,2458040.356701389,80.0,comp_3,comparison,444.5167368576684,45.6717098009526,78041.15176793671,78.59904041205596,12800.652545891524,65240.49922204518,7.2,21.6,36.0
104,ali_cal_qatar1b-105.fit,2458040.356701389,80.0,comp_4,comparison,534.9791186406161,318.952837293944,67278.8799321854,79.82649717766327,13000.556355012748,54278.323577172654,7.2,21.6,36.0
104,ali_cal_qatar1b-105.fit,2458040.356701389,80.0,comp_5,comparison,491.5768487369601,39.34793140729727,68196.91500455003,80.01901482902905,13031.90981112576,55165.005193424266,7.2,21.6,36.0
105,ali_cal_qatar1b-106.fit,2458040.3577430556,80.0,target,target,470.49966584418956,203.9440744104383,129760.90984830233,80.23838130923286,13067.63587188405,116693.27397641828,7.2,21.6,36.0
105,ali_cal_qatar1b-106.fit,2458040.3577430556,80.0,comp_1,comparison,479.74055078015635,304.5781784967526,102209.46370151683,79.35737964916609,12924.155797779498,89285.30790373732,7.2,21.6,36.0
105,ali_cal_qatar1b-106.fit,2458040.3577430556,80.0,comp_2,comparison,441.0065903665022,348.8417074389071,82756.06048017406,77.82428580951432,12674.47588491101,70081.58459526305,7.2,21.6,36.0
105,ali_cal_qatar1b-106.fit,2458040.3577430556,80.0,comp_3,comparison,444.5167368576684,45.6717098009526,78473.47609728499,78.64995556686725,12808.944596311514,65664.53150097348,7.2,21.6,36.0
105,ali_cal_qatar1b-106.fit,2458040.3577430556,80.0,comp_4,comparison,534.9791186406161,318.952837293944,67366.89304691573,78.48472123519937,12782.034506096104,54584.85854081963,7.2,21.6,36.0
105,ali_cal_qatar1b-106.fit,2458040.3577430556,80.0,comp_5,comparison,491.5768487369601,39.34793140729727,67379.5989272961,79.86792257609339,13007.302902160132,54372.29602513597,7.2,21.6,36.0
106,ali_cal_qatar1b-107.fit,2458040.358784722,80.0,target,target,470.49966584418956,203.9440744104383,129374.41698288068,80.57275251352783,13122.091620772235,116252.32536210844,7.2,21.6,36.0
106,ali_cal_qatar1b-107.fit,2458040.358784722,80.0,comp_1,comparison,479.74055078015635,304.5781784967526,102942.78361736544,78.7262765278723,12821.374240473484,90121.40937689196,7.2,21.6,36.0
106,ali_cal_qatar1b-107.fit,2458040.358784722,80.0,comp_2,comparison,441.0065903665022,348.8417074389071,82733.85857576075,77.48479211519032,12619.185886460898,70114.67268929986,7.2,21.6,36.0
106,ali_cal_qatar1b-107.fit,2458040.358784722,80.0,comp_3,comparison,444.5167368576684,45.6717098009526,77200.6673806405,78.3096350491582,12753.51994127001,64447.14743937049,7.2,21.6,36.0
106,ali_cal_qatar1b-107.fit,2458040.358784722,80.0,comp_4,comparison,534.9791186406161,318.952837293944,67849.38508667122,79.68899721302836,12978.163088337524,54871.22199833369,7.2,21.6,36.0
106,ali_cal_qatar1b-107.fit,2458040.358784722,80.0,comp_5,comparison,491.5768487369601,39.34793140729727,67392.81119153823,79.57670357160765,12959.87492757368,54432.936263964555,7.2,21.6,36.0
107,ali_cal_qatar1b-108.fit,2458040.359837963,80.0,target,target,470.49966584418956,203.9440744104383,129336.52025586064,81.3106983230553,13242.273595716662,116094.24666014398,7.2,21.6,36.0
107,ali_cal_qatar1b-108.fit,2458040.359837963,80.0,comp_1,comparison,479.74055078015635,304.5781784967526,103317.67229898146,78.87722900608117,12845.958385704302,90471.71391327716,7.2,21.6,36.0
107,ali_cal_qatar1b-108.fit,2458040.359837963,80.0,comp_2,comparison,441.0065903665022,348.8417074389071,82958.21875179221,78.05244206482638,12711.633449877583,70246.58530191463,7.2,21.6,36.0
107,ali_cal_qatar1b-108.fit,2458040.359837963,80.0,comp_3,comparison,444.5167368576684,45.6717098009526,77736.38051670228,79.32893766661317,12919.523731860276,64816.856784842006,7.2,21.6,36.0
107,ali_cal_qatar1b-108.fit,2458040.359837963,80.0,comp_4,comparison,534.9791186406161,318.952837293944,67874.36016478573,78.87481673359964,12845.56552261437,55028.79464217136,7.2,21.6,36.0
107,ali_cal_qatar1b-108.fit,2458040.359837963,80.0,comp_5,comparison,491.5768487369601,39.34793140729727,67041.91713824781,79.27708451690954,12911.078919439075,54130.838218808734,7.2,21.6,36.0
108,ali_cal_qatar1b-109.fit,2458040.3608680554,80.0,target,target,470.49966584418956,203.9440744104383,128306.25749962717,80.16466180541562,13055.629901464144,115250.62759816303,7.2,21.6,36.0
108,ali_cal_qatar1b-109.fit,2458040.3608680554,80.0,comp_1,comparison,479.74055078015635,304.5781784967526,103844.60135767842,80.30600108458859,13078.648439531467,90765.95291814696,7.2,21.6,36.0
108,ali_cal_qatar1b-109.fit,2458040.3608680554,80.0,comp_2,comparison,441.0065903665022,348.8417074389071,82575.73565586691,77.72112232632557,12657.674663206519,69918.0609926604,7.2,21.6,36.0
108,ali_cal_qatar1b-109.fit,2458040.3608680554,80.0,comp_3,comparison,444.5167368576684,45.6717098009526,77122.46670084068,79.90661415379523,13013.604218817653,64108.86248202303,7.2,21.6,36.0
108,ali_cal_qatar1b-109.fit,2458040.3608680554,80.0,comp_4,comparison,534.9791186406161,318.952837293944,67438.49312294557,79.9539321350815,13021.310432970435,54417.18268997513,7.2,21.6,36.0
108,ali_cal_qatar1b-109.fit,2458040.3608680554,80.0,comp_5,comparison,491.5768487369601,39.34793140729727,66264.11396703224,81.17299562037866,13219.847311090882,53044.26665594136,7.2,21.6,36.0
109,ali_cal_qatar1b-110.fit,2458040.3619097224,80.0,target,target,470.49966584418956,203.9440744104383,129270.77408259225,80.52634422360501,13114.533559103329,116156.24052348893,7.2,21.6,36.0
109,ali_cal_qatar1b-110.fit,2458040.3619097224,80.0,comp_1,comparison,479.74055078015635,304.5781784967526,103182.18904012805,79.30664345260166,12915.892892528791,90266.29614759926,7.2,21.6,36.0
109,ali_cal_qatar1b-110.fit,2458040.3619097224,80.0,comp_2,comparison,441.0065903665022,348.8417074389071,83692.34755709826,78.64387377300368,12807.954114370574,70884.39344272768,7.2,21.6,36.0
109,ali_cal_qatar1b-110.fit,2458040.3619097224,80.0,comp_3,comparison,444.5167368576684,45.6717098009526,78511.4195018221,80.03423422355321,13034.388444201195,65477.031057620916,7.2,21.6,36.0
109,ali_cal_qatar1b-110.fit,2458040.3619097224,80.0,comp_4,comparison,534.9791186406161,318.952837293944,67596.79505259683,79.66018675017808,12973.471011656953,54623.32404093988,7.2,21.6,36.0
109,ali_cal_qatar1b-110.fit,2458040.3619097224,80.0,comp_5,comparison,491.5768487369601,39.34793140729727,68055.19302587134,80.5245026269852,13114.233636377348,54940.95938949399,7.2,21.6,36.0
110,ali_cal_qatar1b-111.fit,2458040.362962963,80.0,target,target,470.49966584418956,203.9440744104383,130182.99759391235,80.22550462928493,13065.538773686741,117117.45882022561,7.2,21.6,36.0
110,ali_cal_qatar1b-111.fit,2458040.362962963,80.0,comp_1,comparison,479.74055078015635,304.5781784967526,103069.60513433658,79.48097617770264,12944.28474858323,90125.32038575335,7.2,21.6,36.0
110,ali_cal_qatar1b-111.fit,2458040.362962963,80.0,comp_2,comparison,441.0065903665022,348.8417074389071,84382.98817558316,78.64542589430535,12808.206893099012,71574.78128248415,7.2,21.6,36.0
110,ali_cal_qatar1b-111.fit,2458040.362962963,80.0,comp_3,comparison,444.5167368576684,45.6717098009526,78270.59564011953,80.43883216420622,13100.28133083099,65170.31430928854,7.2,21.6,36.0
110,ali_cal_qatar1b-111.fit,2458040.362962963,80.0,comp_4,comparison,534.9791186406161,318.952837293944,68038.92118639612,80.01641231864413,13031.485965859842,55007.43522053628,7.2,21.6,36.0
110,ali_cal_qatar1b-111.fit,2458040.362962963,80.0,comp_5,comparison,491.5768487369601,39.34793140729727,67677.89931594767,81.39435597588484,13255.898094706237,54422.00122124143,7.2,21.6,36.0
111,ali_cal_qatar1b-112.fit,2458040.3639930557,80.0,target,target,470.49966584418956,203.9440744104383,131125.99309495024,81.53758368134885,13279.22418218744,117846.76891276281,7.2,21.6,36.0
111,ali_cal_qatar1b-112.fit,2458040.3639930557,80.0,comp_1,comparison,479.74055078015635,304.5781784967526,102491.8889218611,80.37920285279122,13090.570091444702,89401.31883041639,7.2,21.6,36.0
111,ali_cal_qatar1b-112.fit,2458040.3639930557,80.0,comp_2,comparison,441.0065903665022,348.8417074389071,83977.0210841138,79.30137979972345,12915.035653162216,71061.98543095158,7.2,21.6,36.0
111,ali_cal_qatar1b-112.fit,2458040.3639930557,80.0,comp_3,comparison,444.5167368576684,45.6717098009526,78749.30471069753,80.90971663507496,13176.969652587171,65572.33505811036,7.2,21.6,36.0
111,ali_cal_qatar1b-112.fit,2458040.3639930557,80.0,comp_4,comparison,534.9791186406161,318.952837293944,67742.57760416665,80.40598431071807,13094.931724052387,54647.645880114265,7.2,21.6,36.0
111,ali_cal_qatar1b-112.fit,2458040.3639930557,80.0,comp_5,comparison,491.5768487369601,39.34793140729727,67340.72803569054,80.83516146143201,13164.827584843102,54175.90045084744,7.2,21.6,36.0
112,ali_cal_qatar1b-113.fit,2458040.3650231482,80.0,target,target,470.49966584418956,203.9440744104383,131212.12108161484,80.41348135612253,13096.152694090191,118115.96838752464,7.2,21.6,36.0
112,ali_cal_qatar1b-113.fit,2458040.3650231482,80.0,comp_1,comparison,479.74055078015635,304.5781784967526,103015.51720968384,79.83970650847864,13002.707628784601,90012.80958089924,7.2,21.6,36.0
112,ali_cal_qatar1b-113.fit,2458040.3650231482,80.0,comp_2,comparison,441.0065903665022,348.8417074389071,84181.39711863826,77.57483553978811,12633.85037328257,71547.54674535568,7.2,21.6,36.0
112,ali_cal_qatar1b-113.fit,2458040.3650231482,80.0,comp_3,comparison,444.5167368576684,45.6717098009526,77567.10235895243,79.71419903718217,12982.267461531195,64584.83489742123,7.2,21.6,36.0
112,ali_cal_qatar1b-113.fit,2458040.3650231482,80.0,comp_4,comparison,534.9791186406161,318.952837293944,68350.12084255734,79.80569980287405,12997.169291161232,55352.95155139611,7.2,21.6,36.0
112,ali_cal_qatar1b-113.fit,2458040.3650231482,80.0,comp_5,comparison,491.5768487369601,39.34793140729727,67338.25894373165,80.99241154968334,13190.437359872967,54147.821583858684,7.2,21.6,36.0
113,ali_cal_qatar1b-114.fit,2458040.366053241,80.0,target,target,470.49966584418956,203.9440744104383,131098.5333160716,80.5765993246817,13122.718113064406,117975.81520300721,7.2,21.6,36.0
113,ali_cal_qatar1b-114.fit,2458040.366053241,80.0,comp_1,comparison,479.74055078015635,304.5781784967526,103368.78433019882,78.20017507570654,12735.693272133953,90633.09105806486,7.2,21.6,36.0
113,ali_cal_qatar1b-114.fit,2458040.366053241,80.0,comp_2,comparison,441.0065903665022,348.8417074389071,83685.43580812876,77.64712138229763,12645.622857387978,71039.81295074079,7.2,21.6,36.0
113,ali_cal_qatar1b-114.fit,2458040.366053241,80.0,comp_3,comparison,444.5167368576684,45.6717098009526,78731.63792113795,78.94798392432725,12857.48154323438,65874.15637790358,7.2,21.6,36.0
113,ali_cal_qatar1b-114.fit,2458040.366053241,80.0,comp_4,comparison,534.9791186406161,318.952837293944,68715.90349862937,77.54755742267581,12629.407854678904,56086.49564395047,7.2,21.6,36.0
113,ali_cal_qatar1b-114.fit,2458040.366053241,80.0,comp_5,comparison,491.5768487369601,39.34793140729727,67797.24135441025,78.99585893304923,12865.27847496623,54931.962879444014,7.2,21.6,36.0
114,ali_cal_qatar1b-115.fit,2458040.3671064815,80.0,target,target,470.49966584418956,203.9440744104383,128424.11169332513,81.50373806541637,13273.712079654355,115150.39961367077,7.2,21.6,36.0
114,ali_cal_qatar1b-115.fit,2458040.3671064815,80.0,comp_1,comparison,479.74055078015635,304.5781784967526,102268.13397248174,78.6762892313887,12813.233301212133,89454.9006712696,7.2,21.6,36.0
114,ali_cal_qatar1b-115.fit,2458040.3671064815,80.0,comp_2,comparison,441.0065903665022,348.8417074389071,83149.46358275124,77.80955597062768,12672.07698094658,70477.38660180465,7.2,21.6,36.0
114,ali_cal_qatar1b-115.fit,2458040.3671064815,80.0,comp_3,comparison,444.5167368576684,45.6717098009526,77507.52150868168,79.30766241239397,12916.058840486821,64591.46266819486,7.2,21.6,36.0
114,ali_cal_qatar1b-115.fit,2458040.3671064815,80.0,comp_4,comparison,534.9791186406161,318.952837293944,68139.69931691533,80.50956950168495,13111.80162515443,55027.897691760896,7.2,21.6,36.0
114,ali_cal_qatar1b-115.fit,2458040.3671064815,80.0,comp_5,comparison,491.5768487369601,39.34793140729727,66464.7311090646,80.23550756513475,13067.167853451345,53397.56325561325,7.2,21.6,36.0
115,ali_cal_qatar1b-116.fit,2458040.368148148,80.0,target,target,470.49966584418956,203.9440744104383,129992.95369993238,80.81878557256616,13162.160604910485,116830.79309502189,7.2,21.6,36.0
115,ali_cal_qatar1b-116.fit,2458040.368148148,80.0,comp_1,comparison,479.74055078015635,304.5781784967526,101907.14519735808,79.08565758243279,12879.90309765657,89027.24209970151,7.2,21.6,36.0
115,ali_cal_qatar1b-116.fit,2458040.368148148,80.0,comp_2,comparison,441.0065903665022,348.8417074389071,82625.54437861577,76.36545220665855,12436.89000632357,70188.65437229219,7.2,21.6,36.0
115,ali_cal_qatar1b-116.fit,2458040.368148148,80.0,comp_3,comparison,444.5167368576684,45.6717098009526,77380.49981314482,78.57765320380642,12797.169421666422,64583.330391478405,7.2,21.6,36.0
115,ali_cal_qatar1b-116.fit,2458040.368148148,80.0,comp_4,comparison,534.9791186406161,318.952837293944,68361.96742703233,79.67400037138498,12975.720700260566,55386.246726771766,7.2,21.6,36.0
115,ali_cal_qatar1b-116.fit,2458040.368148148,80.0,comp_5,comparison,491.5768487369601,39.34793140729727,67567.08232455453,80.77932737986146,13155.734437208515,54411.34788734602,7.2,21.6,36.0
116,ali_cal_qatar1b-117.fit,2458040.3691782407,80.0,target,target,470.49966584418956,203.9440744104383,130962.32522171452,80.31194278127998,13079.616105224086,117882.70911649044,7.2,21.6,36.0
116,ali_cal_qatar1b-117.fit,2458040.3691782407,80.0,comp_1,comparison,479.74055078015635,304.5781784967526,102626.36947104771,79.95436500950444,13021.380930969584,89604.98854007813,7.2,21.6,36.0
116,ali_cal_qatar1b-117.fit,2458040.3691782407,80.0,comp_2,comparison,441.0065903665022,348.8417074389071,83717.85078215055,78.4107402656134,12769.985953318443,70947.8648288321,7.2,21.6,36.0
116,ali_cal_qatar1b-117.fit,2458040.3691782407,80.0,comp_3,comparison,444.5167368576684,45.6717098009526,77605.25741360895,79.07300962148645,12877.843248673182,64727.41416493577,7.2,21.6,36.0
116,ali_cal_qatar1b-117.fit,2458040.3691782407,80.0,comp_4,comparison,534.9791186406161,318.952837293944,67491.58939098688,80.18465111310358,13058.885363375704,54432.70402761117,7.2,21.6,36.0
116,ali_cal_qatar1b-117.fit,2458040.3691782407,80.0,comp_5,comparison,491.5768487369601,39.34793140729727,67550.15397748294,80.22798022396707,13065.9419494406,54484.21202804234,7.2,21.6,36.0
117,ali_cal_qatar1b-118.fit,2458040.3702314813,80.0,target,target,470.49966584418956,203.9440744104383,129052.45546237536,81.48837368965798,13271.209834911459,115781.24562746391,7.2,21.6,36.0
117,ali_cal_qatar1b-118.fit,2458040.3702314813,80.0,comp_1,comparison,479.74055078015635,304.5781784967526,102896.16746855248,81.18756406162561,13222.219929809378,89673.9475387431,7.2,21.6,36.0
117,ali_cal_qatar1b-118.fit,2458040.3702314813,80.0,comp_2,comparison,441.0065903665022,348.8417074389071,83952.53174612395,79.12119680953329,12885.691021980812,71066.84072414314,7.2,21.6,36.0
117,ali_cal_qatar1b-118.fit,2458040.3702314813,80.0,comp_3,comparison,444.5167368576684,45.6717098009526,77696.08306594733,80.69911573466845,13142.671155584883,64553.41191036245,7.2,21.6,36.0
117,ali_cal_qatar1b-118.fit,2458040.3702314813,80.0,comp_4,comparison,534.9791186406161,318.952837293944,68664.28262574755,81.05499711194052,13200.630054753763,55463.65257099379,7.2,21.6,36.0
117,ali_cal_qatar1b-118.fit,2458040.3702314813,80.0,comp_5,comparison,491.5768487369601,39.34793140729727,68003.87970770156,80.24196275149326,13068.219146154934,54935.660561546625,7.2,21.6,36.0
118,ali_cal_qatar1b-119.fit,2458040.3712731483,80.0,target,target,470.49966584418956,203.9440744104383,128528.19346842979,80.56997840176354,13121.639828477671,115406.55363995212,7.2,21.6,36.0
118,ali_cal_qatar1b-119.fit,2458040.3712731483,80.0,comp_1,comparison,479.74055078015635,304.5781784967526,102095.1718614384,79.52648287472434,12951.69597668515,89143.47588475325,7.2,21.6,36.0
118,ali_cal_qatar1b-119.fit,2458040.3712731483,80.0,comp_2,comparison,441.0065903665022,348.8417074389071,83102.55686253551,78.53222978800098,12789.771756756967,70312.78510577854,7.2,21.6,36.0
118,ali_cal_qatar1b-119.fit,2458040.3712731483,80.0,comp_3,comparison,444.5167368576684,45.6717098009526,77914.4615249571,80.44652585282346,13101.534326214512,64812.9271987426,7.2,21.6,36.0
118,ali_cal_qatar1b-119.fit,2458040.3712731483,80.0,comp_4,comparison,534.9791186406161,318.952837293944,67974.53635964506,80.57559866502481,13122.555145469416,54851.98121417565,7.2,21.6,36.0
118,ali_cal_qatar1b-119.fit,2458040.3712731483,80.0,comp_5,comparison,491.5768487369601,39.34793140729727,67939.04628020714,81.86041917884788,13331.801223984647,54607.2450562225,7.2,21.6,36.0
119,ali_cal_qatar1b-120.fit,2458040.372303241,80.0,target,target,470.49966584418956,203.9440744104383,130366.74392935282,79.65852767690808,12973.200814713502,117393.54311463931,7.2,21.6,36.0
119,ali_cal_qatar1b-120.fit,2458040.372303241,80.0,comp_1,comparison,479.74055078015635,304.5781784967526,101787.71514791012,80.49264863870565,13109.045890648777,88678.66925726134,7.2,21.6,36.0
119,ali_cal_qatar1b-120.fit,2458040.372303241,80.0,comp_2,comparison,441.0065903665022,348.8417074389071,83226.15403976268,79.65922463912383,12973.314322093678,70252.839717669,7.2,21.6,36.0
119,ali_cal_qatar1b-120.fit,2458040.372303241,80.0,comp_3,comparison,444.5167368576684,45.6717098009526,77791.28959599567,80.41448007146101,13096.315345033168,64694.9742509625,7.2,21.6,36.0
119,ali_cal_qatar1b-120.fit,2458040.372303241,80.0,comp_4,comparison,534.9791186406161,318.952837293944,68223.95418961564,80.58547939050113,13124.16432203265,55099.78986758299,7.2,21.6,36.0
119,ali_cal_qatar1b-120.fit,2458040.372303241,80.0,comp_5,comparison,491.5768487369601,39.34793140729727,66465.54831603932,81.07793813366666,13204.366233295188,53261.18208274413,7.2,21.6,36.0
120,ali_cal_qatar1b-121.fit,2458040.3733333335,80.0,target,target,470.49966584418956,203.9440744104383,128748.82089164323,81.16377174626258,13218.345109447351,115530.47578219588,7.2,21.6,36.0
120,ali_cal_qatar1b-121.fit,2458040.3733333335,80.0,comp_1,comparison,479.74055078015635,304.5781784967526,102904.96707652565,79.51551103387975,12949.909100895013,89955.05797563063,7.2,21.6,36.0
120,ali_cal_qatar1b-121.fit,2458040.3733333335,80.0,comp_2,comparison,441.0065903665022,348.8417074389071,83487.13957454341,78.4835840419124,12781.84930261184,70705.29027193158,7.2,21.6,36.0
120,ali_cal_qatar1b-121.fit,2458040.3733333335,80.0,comp_3,comparison,444.5167368576684,45.6717098009526,77496.10282750479,81.18977564793639,13222.580109116798,64273.52271838799,7.2,21.6,36.0
120,ali_cal_qatar1b-121.fit,2458040.3733333335,80.0,comp_4,comparison,534.9791186406161,318.952837293944,68448.08195202706,80.03460108807691,13034.448191817382,55413.633760209676,7.2,21.6,36.0
120,ali_cal_qatar1b-121.fit,2458040.3733333335,80.0,comp_5,comparison,491.5768487369601,39.34793140729727,66440.29934722387,80.8927264231978,13174.202623908699,53266.096723315175,7.2,21.6,36.0
121,ali_cal_qatar1b-122.fit,2458040.374363426,80.0,target,target,470.49966584418956,203.9440744104383,127693.32648974677,82.41411773335335,13421.976660914024,114271.34982883275,7.2,21.6,36.0
121,ali_cal_qatar1b-122.fit,2458040.374363426,80.0,comp_1,comparison,479.74055078015635,304.5781784967526,103115.79287532407,81.27135280933929,13235.865778933176,89879.9270963909,7.2,21.6,36.0
121,ali_cal_qatar1b-122.fit,2458040.374363426,80.0,comp_2,comparison,441.0065903665022,348.8417074389071,82601.48535362707,80.23422794199226,13066.959453817572,69534.5258998095,7.2,21.6,36.0
121,ali_cal_qatar1b-122.fit,2458040.374363426,80.0,comp_3,comparison,444.5167368576684,45.6717098009526,77020.65824994679,81.48890343536029,13271.29610938297,63749.36214056382,7.2,21.6,36.0
121,ali_cal_qatar1b-122.fit,2458040.374363426,80.0,comp_4,comparison,534.9791186406161,318.952837293944,67587.00761331193,80.57719304037397,13122.814805698921,54464.192807613006,7.2,21.6,36.0
121,ali_cal_qatar1b-122.fit,2458040.374363426,80.0,comp_5,comparison,491.5768487369601,39.34793140729727,67352.85799078672,82.55219726743863,13444.4643163645,53908.39367442222,7.2,21.6,36.0
122,ali_cal_qatar1b-123.fit,2458040.3754050927,80.0,target,target,470.49966584418956,203.9440744104383,130268.97777967669,81.38128501555639,13253.769355974462,117015.20842370222,7.2,21.6,36.0
122,ali_cal_qatar1b-123.fit,2458040.3754050927,80.0,comp_1,comparison,479.74055078015635,304.5781784967526,101907.06737695143,81.10776945352191,13209.224566914154,88697.84281003727,7.2,21.6,36.0
122,ali_cal_qatar1b-123.fit,2458040.3754050927,80.0,comp_2,comparison,441.0065903665022,348.8417074389071,84360.13890436843,79.46699869530568,12942.008373519464,71418.13053084897,7.2,21.6,36.0
122,ali_cal_qatar1b-123.fit,2458040.3754050927,80.0,comp_3,comparison,444.5167368576684,45.6717098009526,77318.35434116735,80.45960267850194,13103.664020178152,64214.69032098919,7.2,21.6,36.0
122,ali_cal_qatar1b-123.fit,2458040.3754050927,80.0,comp_4,comparison,534.9791186406161,318.952837293944,67276.58131311694,81.21313998987166,13226.385229656553,54050.19608346039,7.2,21.6,36.0
122,ali_cal_qatar1b-123.fit,2458040.3754050927,80.0,comp_5,comparison,491.5768487369601,39.34793140729727,67838.96536656338,81.5671290838213,13284.035951254793,54554.92941530859,7.2,21.6,36.0
123,ali_cal_qatar1b-124.fit,2458040.3764351853,80.0,target,target,470.49966584418956,203.9440744104383,128797.99311254734,81.40171044942029,13257.095845466194,115540.89726708115,7.2,21.6,36.0
123,ali_cal_qatar1b-124.fit,2458040.3764351853,80.0,comp_1,comparison,479.74055078015635,304.5781784967526,102383.9390382564,78.9812002516215,12862.891159717168,89521.04787853923,7.2,21.6,36.0
123,ali_cal_qatar1b-124.fit,2458040.3764351853,80.0,comp_2,comparison,441.0065903665022,348.8417074389071,82797.84771547481,78.31163862034384,12753.84624320021,70044.0014722746,7.2,21.6,36.0
123,ali_cal_qatar1b-124.fit,2458040.3764351853,80.0,comp_3,comparison,444.5167368576684,45.6717098009526,77712.02785945215,80.3096367312531,13079.240541540448,64632.7873179117,7.2,21.6,36.0
123,ali_cal_qatar1b-124.fit,2458040.3764351853,80.0,comp_4,comparison,534.9791186406161,318.952837293944,67752.79644482296,80.66579290712836,13137.244194454683,54615.55225036828,7.2,21.6,36.0
123,ali_cal_qatar1b-124.fit,2458040.3764351853,80.0,comp_5,comparison,491.5768487369601,39.34793140729727,66671.00212450062,82.23988289053891,13393.600745984742,53277.401378515875,7.2,21.6,36.0
124,ali_cal_qatar1b-125.fit,2458040.377465278,80.0,target,target,470.49966584418956,203.9440744104383,128866.12880629135,80.70745566428248,13144.029397882583,115722.09940840877,7.2,21.6,36.0
124,ali_cal_qatar1b-125.fit,2458040.377465278,80.0,comp_1,comparison,479.74055078015635,304.5781784967526,101071.6082182427,80.53817113783663,13116.459692284794,87955.1485259579,7.2,21.6,36.0
124,ali_cal_qatar1b-125.fit,2458040.377465278,80.0,comp_2,comparison,441.0065903665022,348.8417074389071,82862.58011544115,79.49307425642726,12946.25504365827,69916.32507178288,7.2,21.6,36.0
124,ali_cal_qatar1b-125.fit,2458040.377465278,80.0,comp_3,comparison,444.5167368576684,45.6717098009526,76719.06197001734,81.09844828011654,13207.706519092493,63511.35545092485,7.2,21.6,36.0
124,ali_cal_qatar1b-125.fit,2458040.377465278,80.0,comp_4,comparison,534.9791186406161,318.952837293944,67561.93053937212,81.40704426028339,13257.964510773632,54303.96602859849,7.2,21.6,36.0
124,ali_cal_qatar1b-125.fit,2458040.377465278,80.0,comp_5,comparison,491.5768487369601,39.34793140729727,66562.15241820144,82.15175591127195,13379.248371762344,53182.9040464391,7.2,21.6,36.0
125,ali_cal_qatar1b-126.fit,2458040.3785069445,80.0,target,target,470.49966584418956,203.9440744104383,128972.3868279418,82.44227685508716,13426.562660074094,115545.8241678677,7.2,21.6,36.0
125,ali_cal_qatar1b-126.fit,2458040.3785069445,80.0,comp_1,comparison,479.74055078015635,304.5781784967526,102180.25677311595,81.51647672685391,13275.786700134538,88904.4700729814,7.2,21.6,36.0
125,ali_cal_qatar1b-126.fit,2458040.3785069445,80.0,comp_2,comparison,441.0065903665022,348.8417074389071,83611.36863554953,78.99112392971976,12864.507331551418,70746.86130399811,7.2,21.6,36.0
125,ali_cal_qatar1b-126.fit,2458040.3785069445,80.0,comp_3,comparison,444.5167368576684,45.6717098009526,78726.98449668562,81.81215777332415,13323.94136360662,65403.043133079,7.2,21.6,36.0
125,ali_cal_qatar1b-126.fit,2458040.3785069445,80.0,comp_4,comparison,534.9791186406161,318.952837293944,68012.91645236581,81.63020567433634,13294.30861507778,54718.60783728803,7.2,21.6,36.0
125,ali_cal_qatar1b-126.fit,2458040.3785069445,80.0,comp_5,comparison,491.5768487369601,39.34793140729727,67567.2617003512,82.01467616180949,13356.923541398668,54210.33815895253,7.2,21.6,36.0
126,ali_cal_qatar1b-127.fit,2458040.379537037,80.0,target,target,470.49966584418956,203.9440744104383,130654.67480881911,82.17743629465805,13383.430683190669,117271.24412562844,7.2,21.6,36.0
126,ali_cal_qatar1b-127.fit,2458040.379537037,80.0,comp_1,comparison,479.74055078015635,304.5781784967526,102201.13210144978,80.69338620969934,13141.738044213573,89059.3940572362,7.2,21.6,36.0
126,ali_cal_qatar1b-127.fit,2458040.379537037,80.0,comp_2,comparison,441.0065903665022,348.8417074389071,82833.1705838872,79.28818578942696,12912.88687449257,69920.28370939463,7.2,21.6,36.0
126,ali_cal_qatar1b-127.fit,2458040.379537037,80.0,comp_3,comparison,444.5167368576684,45.6717098009526,77989.52113339945,81.20087985166381,13224.388541547632,64765.13259185182,7.2,21.6,36.0
126,ali_cal_qatar1b-127.fit,2458040.379537037,80.0,comp_4,comparison,534.9791186406161,318.952837293944,67905.29573303614,82.42505035179533,13423.757148937275,54481.53858409886,7.2,21.6,36.0
126,ali_cal_qatar1b-127.fit,2458040.379537037,80.0,comp_5,comparison,491.5768487369601,39.34793140729727,66459.5616066339,82.40887166611479,13421.122285547593,53038.439321086305,7.2,21.6,36.0
127,ali_cal_qatar1b-128.fit,2458040.3805671297,80.0,target,target,470.49966584418956,203.9440744104383,130042.65027328688,82.81779569135338,13487.71971901885,116554.93055426804,7.2,21.6,36.0
127,ali_cal_qatar1b-128.fit,2458040.3805671297,80.0,comp_1,comparison,479.74055078015635,304.5781784967526,102833.6761471772,80.27307015990561,13073.28530376452,89760.39084341268,7.2,21.6,36.0
127,ali_cal_qatar1b-128.fit,2458040.3805671297,80.0,comp_2,comparison,441.0065903665022,348.8417074389071,82694.20137043722,79.66029598559,12973.48880175396,69720.71256868326,7.2,21.6,36.0
127,ali_cal_qatar1b-128.fit,2458040.3805671297,80.0,comp_3,comparison,444.5167368576684,45.6717098009526,77950.66382453154,81.15910176545466,13217.58455561101,64733.07926892053,7.2,21.6,36.0
127,ali_cal_qatar1b-128.fit,2458040.3805671297,80.0,comp_4,comparison,534.9791186406161,318.952837293944,68570.10160506016,81.69652501461587,13305.109393656508,55264.99221140365,7.2,21.6,36.0
127,ali_cal_qatar1b-128.fit,2458040.3805671297,80.0,comp_5,comparison,491.5768487369601,39.34793140729727,66623.90649369638,81.25114690905069,13232.575042715338,53391.331450981044,7.2,21.6,36.0
128,ali_cal_qatar1b-129.fit,2458040.3815972223,80.0,target,target,470.49966584418956,203.9440744104383,129103.33636186966,81.82700016926071,13326.358598630566,115776.97776323909,7.2,21.6,36.0
128,ali_cal_qatar1b-129.fit,2458040.3815972223,80.0,comp_1,comparison,479.74055078015635,304.5781784967526,102449.27230150704,81.25852813250071,13233.777149970745,89215.49515153629,7.2,21.6,36.0
128,ali_cal_qatar1b-129.fit,2458040.3815972223,80.0,comp_2,comparison,441.0065903665022,348.8417074389071,82670.31230337323,79.75125318214766,12988.302105626108,69682.01019774712,7.2,21.6,36.0
128,ali_cal_qatar1b-129.fit,2458040.3815972223,80.0,comp_3,comparison,444.5167368576684,45.6717098009526,77699.03682592175,81.17603816104773,13220.342819760674,64478.69400616108,7.2,21.6,36.0
128,ali_cal_qatar1b-129.fit,2458040.3815972223,80.0,comp_4,comparison,534.9791186406161,318.952837293944,67805.46950084297,82.78030125846401,13481.613369560817,54323.856131282155,7.2,21.6,36.0
128,ali_cal_qatar1b-129.fit,2458040.3815972223,80.0,comp_5,comparison,491.5768487369601,39.34793140729727,66787.84344136805,81.85754058641731,13331.332415951729,53456.51102541632,7.2,21.6,36.0
129,ali_cal_qatar1b-130.fit,2458040.382627315,80.0,target,target,470.49966584418956,203.9440744104383,130559.44275225494,83.44950922457997,13590.600688111837,116968.8420641431,7.2,21.6,36.0
129,ali_cal_qatar1b-130.fit,2458040.382627315,80.0,comp_1,comparison,479.74055078015635,304.5781784967526,103134.00125026572,81.84341201715603,13329.031434856588,89804.96981540913,7.2,21.6,36.0
129,ali_cal_qatar1b-130.fit,2458040.382627315,80.0,comp_2,comparison,441.0065903665022,348.8417074389071,83011.79909485034,80.3270306605012,13082.073319695823,69929.72577515453,7.2,21.6,36.0
129,ali_cal_qatar1b-130.fit,2458040.382627315,80.0,comp_3,comparison,444.5167368576684,45.6717098009526,77193.17563453707,82.83691715735125,13490.833844091163,63702.341790445906,7.2,21.6,36.0
129,ali_cal_qatar1b-130.fit,2458040.382627315,80.0,comp_4,comparison,534.9791186406161,318.952837293944,67666.88972812903,82.18438867732665,13384.562949366442,54282.32677876258,7.2,21.6,36.0
129,ali_cal_qatar1b-130.fit,2458040.382627315,80.0,comp_5,comparison,491.5768487369601,39.34793140729727,66313.56548454612,83.2806658233042,13563.102824231222,52750.4626603149,7.2,21.6,36.0
130,ali_cal_qatar1b-131.fit,2458040.3836574075,80.0,target,target,470.49966584418956,203.9440744104383,129365.6641475037,83.84873943944334,13655.619386043723,115710.04476145998,7.2,21.6,36.0
130,ali_cal_qatar1b-131.fit,2458040.3836574075,80.0,comp_1,comparison,479.74055078015635,304.5781784967526,101875.04940579829,82.79098646223434,13483.353563590275,88391.695842208,7.2,21.6,36.0
130,ali_cal_qatar1b-131.fit,2458040.3836574075,80.0,comp_2,comparison,441.0065903665022,348.8417074389071,83835.05784346056,81.82986830614738,13326.825703871898,70508.23213958865,7.2,21.6,36.0
130,ali_cal_qatar1b-131.fit,2458040.3836574075,80.0,comp_3,comparison,444.5167368576684,45.6717098009526,77961.68003289952,82.62571086237273,13456.436752430098,64505.24328046942,7.2,21.6,36.0
130,ali_cal_qatar1b-131.fit,2458040.3836574075,80.0,comp_4,comparison,534.9791186406161,318.952837293944,69158.81484964112,82.74141660944535,13475.280609277139,55683.53424036398,7.2,21.6,36.0
130,ali_cal_qatar1b-131.fit,2458040.3836574075,80.0,comp_5,comparison,491.5768487369601,39.34793140729727,66768.28440611756,83.81103107815926,13649.478196172422,53118.806209945134,7.2,21.6,36.0
131,ali_cal_qatar1b-132.fit,2458040.384710648,80.0,target,target,470.49966584418956,203.9440744104383,129991.74763643043,82.76350732580292,13478.8783069475,116512.86932948293,7.2,21.6,36.0
131,ali_cal_qatar1b-132.fit,2458040.384710648,80.0,comp_1,comparison,479.74055078015635,304.5781784967526,103140.60500073995,82.35329202169086,13412.07057558822,89728.53442515172,7.2,21.6,36.0
131,ali_cal_qatar1b-132.fit,2458040.384710648,80.0,comp_2,comparison,441.0065903665022,348.8417074389071,84160.97864031332,79.70831896770699,12981.309832457064,71179.66880785626,7.2,21.6,36.0
131,ali_cal_qatar1b-132.fit,2458040.384710648,80.0,comp_3,comparison,444.5167368576684,45.6717098009526,78338.88560448082,81.31657018074185,13243.229887417558,65095.65571706326,7.2,21.6,36.0
131,ali_cal_qatar1b-132.fit,2458040.384710648,80.0,comp_4,comparison,534.9791186406161,318.952837293944,67836.0707854092,82.68504626378376,13466.100125585188,54369.970659824015,7.2,21.6,36.0
131,ali_cal_qatar1b-132.fit,2458040.384710648,80.0,comp_5,comparison,491.5768487369601,39.34793140729727,66907.05539041232,82.48696937447805,13433.841291074219,53473.2140993381,7.2,21.6,36.0
132,ali_cal_qatar1b-133.fit,2458040.3857523147,80.0,target,target,470.49966584418956,203.9440744104383,129129.12725694166,82.58463033012535,13449.746370245504,115679.38088669616,7.2,21.6,36.0
132,ali_cal_qatar1b-133.fit,2458040.3857523147,80.0,comp_1,comparison,479.74055078015635,304.5781784967526,102109.26549082865,82.10586563198169,13371.774673389576,88737.49081743907,7.2,21.6,36.0
132,ali_cal_qatar1b-133.fit,2458040.3857523147,80.0,comp_2,comparison,441.0065903665022,348.8417074389071,83620.56158321438,80.90307707283563,13175.88833239755,70444.67325081684,7.2,21.6,36.0
132,ali_cal_qatar1b-133.fit,2458040.3857523147,80.0,comp_3,comparison,444.5167368576684,45.6717098009526,78327.91998874322,81.37420603978038,13252.61647282456,65075.303515918655,7.2,21.6,36.0
132,ali_cal_qatar1b-133.fit,2458040.3857523147,80.0,comp_4,comparison,534.9791186406161,318.952837293944,68077.43058178038,82.57816579526464,13448.693555043323,54628.73702673706,7.2,21.6,36.0
132,ali_cal_qatar1b-133.fit,2458040.3857523147,80.0,comp_5,comparison,491.5768487369601,39.34793140729727,66940.78346542797,81.85746198887286,13331.319615542814,53609.46384988516,7.2,21.6,36.0
133,ali_cal_qatar1b-134.fit,2458040.3867824073,80.0,target,target,470.49966584418956,203.9440744104383,129951.69065340384,83.02434342082256,13521.358115940962,116430.33253746288,7.2,21.6,36.0
133,ali_cal_qatar1b-134.fit,2458040.3867824073,80.0,comp_1,comparison,479.74055078015635,304.5781784967526,102041.11434823938,83.04686823030492,13525.026510088455,88516.08783815092,7.2,21.6,36.0
133,ali_cal_qatar1b-134.fit,2458040.3867824073,80.0,comp_2,comparison,441.0065903665022,348.8417074389071,83732.3254291364,81.08260437393437,13205.12617794654,70527.19925118986,7.2,21.6,36.0
133,ali_cal_qatar1b-134.fit,2458040.3867824073,80.0,comp_3,comparison,444.5167368576684,45.6717098009526,77643.06344063219,82.74088906704905,13475.194693636402,64167.86874699579,7.2,21.6,36.0
133,ali_cal_qatar1b-134.fit,2458040.3867824073,80.0,comp_4,comparison,534.9791186406161,318.952837293944,67836.5554515318,83.49054208911156,13597.283307124459,54239.27214440735,7.2,21.6,36.0
133,ali_cal_qatar1b-134.fit,2458040.3867824073,80.0,comp_5,comparison,491.5768487369601,39.34793140729727,66610.31724407701,84.29774115408976,13728.7438785511,52881.57336552591,7.2,21.6,36.0
134,ali_cal_qatar1b-135.fit,2458040.387824074,80.0,target,target,470.49966584418956,203.9440744104383,128944.68762206999,84.03368599930334,13685.739812958791,115258.9478091112,7.2,21.6,36.0
134,ali_cal_qatar1b-135.fit,2458040.387824074,80.0,comp_1,comparison,479.74055078015635,304.5781784967526,101578.54556061105,82.93838887451679,13507.35954450508,88071.18601610597,7.2,21.6,36.0
134,ali_cal_qatar1b-135.fit,2458040.387824074,80.0,comp_2,comparison,441.0065903665022,348.8417074389071,83105.13448284644,80.49553167966852,13109.515423170393,69995.61905967604,7.2,21.6,36.0
134,ali_cal_qatar1b-135.fit,2458040.387824074,80.0,comp_3,comparison,444.5167368576684,45.6717098009526,77887.41337603694,82.78329739566857,13482.10132095481,64405.31205508213,7.2,21.6,36.0
134,ali_cal_qatar1b-135.fit,2458040.387824074,80.0,comp_4,comparison,534.9791186406161,318.952837293944,68445.57834544609,83.9056225093235,13664.883372085567,54780.69497336052,7.2,21.6,36.0
134,ali_cal_qatar1b-135.fit,2458040.387824074,80.0,comp_5,comparison,491.5768487369601,39.34793140729727,66869.81014737104,83.78661169434503,13645.50125134012,53224.308896030925,7.2,21.6,36.0
135,ali_cal_qatar1b-136.fit,2458040.388865741,80.0,target,target,470.49966584418956,203.9440744104383,128978.75993506765,83.90269729284225,13664.406970852146,115314.3529642155,7.2,21.6,36.0
135,ali_cal_qatar1b-136.fit,2458040.388865741,80.0,comp_1,comparison,479.74055078015635,304.5781784967526,102615.8480412148,81.38868639099228,13254.974745185575,89360.87329602923,7.2,21.6,36.0
135,ali_cal_qatar1b-136.fit,2458040.388865741,80.0,comp_2,comparison,441.0065903665022,348.8417074389071,82705.9739223127,80.87359559591826,13171.086974256526,69534.88694805617,7.2,21.6,36.0
135,ali_cal_qatar1b-136.fit,2458040.388865741,80.0,comp_3,comparison,444.5167368576684,45.6717098009526,77855.18450395495,81.85930949521581,13331.620500727271,64523.56400322768,7.2,21.6,36.0
135,ali_cal_qatar1b-136.fit,2458040.388865741,80.0,comp_4,comparison,534.9791186406161,318.952837293944,68353.58162136303,82.9248992670313,13505.162624829,54848.418996534034,7.2,21.6,36.0
135,ali_cal_qatar1b-136.fit,2458040.388865741,80.0,comp_5,comparison,491.5768487369601,39.34793140729727,66434.84929336538,83.25542272069043,13558.991728420826,52875.85756494455,7.2,21.6,36.0
136,ali_cal_qatar1b-137.fit,2458040.3899074076,80.0,target,target,470.49966584418956,203.9440744104383,128935.08819701022,82.87764849869045,13497.467356987476,115437.62084002275,7.2,21.6,36.0
136,ali_cal_qatar1b-137.fit,2458040.3899074076,80.0,comp_1,comparison,479.74055078015635,304.5781784967526,102571.8293881955,82.67486748226278,13464.44240756589,89107.38698062961,7.2,21.6,36.0
136,ali_cal_qatar1b-137.fit,2458040.3899074076,80.0,comp_2,comparison,441.0065903665022,348.8417074389071,82991.56907247554,79.6897976056731,12978.293440414242,70013.2756320613,7.2,21.6,36.0
136,ali_cal_qatar1b-137.fit,2458040.3899074076,80.0,comp_3,comparison,444.5167368576684,45.6717098009526,77884.43104315377,81.55149250894257,13281.489376118747,64602.941667035026,7.2,21.6,36.0
136,ali_cal_qatar1b-137.fit,2458040.3899074076,80.0,comp_4,comparison,534.9791186406161,318.952837293944,67827.25366361001,82.98167788504854,13514.409599823406,54312.84406378661,7.2,21.6,36.0
136,ali_cal_qatar1b-137.fit,2458040.3899074076,80.0,comp_5,comparison,491.5768487369601,39.34793140729727,66398.88596510251,81.70265335789787,13306.107456643327,53092.77850845919,7.2,21.6,36.0
137,ali_cal_qatar1b-138.fit,2458040.390949074,80.0,target,target,470.49966584418956,203.9440744104383,128922.67300208009,82.36649870689772,13414.22141849584,115508.45158358425,7.2,21.6,36.0
137,ali_cal_qatar1b-138.fit,2458040.390949074,80.0,comp_1,comparison,479.74055078015635,304.5781784967526,103129.15039160855,81.91434774344913,13340.584038814704,89788.56635279384,7.2,21.6,36.0
137,ali_cal_qatar1b-138.fit,2458040.390949074,80.0,comp_2,comparison,441.0065903665022,348.8417074389071,83501.51962154516,80.86739452434793,13170.077066728803,70331.44255481636,7.2,21.6,36.0
137,ali_cal_qatar1b-138.fit,2458040.390949074,80.0,comp_3,comparison,444.5167368576684,45.6717098009526,78282.72864972701,82.41868513487822,13422.720508671591,64860.00814105542,7.2,21.6,36.0
137,ali_cal_qatar1b-138.fit,2458040.390949074,80.0,comp_4,comparison,534.9791186406161,318.952837293944,67584.79417841957,82.59765322368573,13451.86728081559,54132.92689760398,7.2,21.6,36.0
137,ali_cal_qatar1b-138.fit,2458040.390949074,80.0,comp_5,comparison,491.5768487369601,39.34793140729727,66299.06683996576,83.31974087821696,13569.466594049882,52729.60024591588,7.2,21.6,36.0
138,ali_cal_qatar1b-139.fit,2458040.391990741,80.0,target,target,470.49966584418956,203.9440744104383,130640.19608618786,83.7792205105687,13644.297521944347,116995.89856424351,7.2,21.6,36.0
138,ali_cal_qatar1b-139.fit,2458040.391990741,80.0,comp_1,comparison,479.74055078015635,304.5781784967526,103023.73611730376,81.898665760407,13338.030068497757,89685.70604880601,7.2,21.6,36.0
138,ali_cal_qatar1b-139.fit,2458040.391990741,80.0,comp_2,comparison,441.0065903665022,348.8417074389071,84466.86778690253,81.73478875673553,13311.341032941307,71155.52675396123,7.2,21.6,36.0
138,ali_cal_qatar1b-139.fit,2458040.391990741,80.0,comp_3,comparison,444.5167368576684,45.6717098009526,78621.5592298162,84.04081888230525,13686.901475448298,64934.657754367894,7.2,21.6,36.0
138,ali_cal_qatar1b-139.fit,2458040.391990741,80.0,comp_4,comparison,534.9791186406161,318.952837293944,68667.66722818218,83.46369076640602,13592.910296327516,55074.75693185467,7.2,21.6,36.0
138,ali_cal_qatar1b-139.fit,2458040.391990741,80.0,comp_5,comparison,491.5768487369601,39.34793140729727,67816.27212528052,85.23706053065277,13881.721585479469,53934.55053980105,7.2,21.6,36.0
139,ali_cal_qatar1b-140.fit,2458040.3930208334,80.0,target,target,470.49966584418956,203.9440744104383,130316.80279202717,86.07596097164671,14018.345048176496,116298.45774385068,7.2,21.6,36.0
139,ali_cal_qatar1b-140.fit,2458040.3930208334,80.0,comp_1,comparison,479.74055078015635,304.5781784967526,102902.32454266344,83.67431389408829,13627.212413267562,89275.11212939587,7.2,21.6,36.0
139,ali_cal_qatar1b-140.fit,2458040.3930208334,80.0,comp_2,comparison,441.0065903665022,348.8417074389071,82953.29576612964,81.14475491257816,13215.24802481068,69738.04774131897,7.2,21.6,36.0
139,ali_cal_qatar1b-140.fit,2458040.3930208334,80.0,comp_3,comparison,444.5167368576684,45.6717098009526,77133.39019801452,83.26981706187495,13561.335993174747,63572.05420483977,7.2,21.6,36.0
139,ali_cal_qatar1b-140.fit,2458040.3930208334,80.0,comp_4,comparison,534.9791186406161,318.952837293944,67620.000365551,83.51097306060421,13600.610698475313,54019.38966707568,7.2,21.6,36.0
139,ali_cal_qatar1b-140.fit,2458040.3930208334,80.0,comp_5,comparison,491.5768487369601,39.34793140729727,67076.61399603903,83.39006245710351,13580.919177861162,53495.694818177864,7.2,21.6,36.0
140,ali_cal_qatar1b-141.fit,2458040.394074074,80.0,target,target,470.49966584418956,203.9440744104383,130465.28502335565,84.51988754544811,13764.922676093593,116700.36234726207,7.2,21.6,36.0
140,ali_cal_qatar1b-141.fit,2458040.394074074,80.0,comp_1,comparison,479.74055078015635,304.5781784967526,103853.75798849345,83.50730971566679,13600.014085521087,90253.74390297236,7.2,21.6,36.0
140,ali_cal_qatar1b-141.fit,2458040.394074074,80.0,comp_2,comparison,441.0065903665022,348.8417074389071,83572.68827529563,81.90157488484687,13338.503848978693,70234.18442631693,7.2,21.6,36.0
140,ali_cal_qatar1b-141.fit,2458040.394074074,80.0,comp_3,comparison,444.5167368576684,45.6717098009526,78090.22026043129,83.19648601287557,13549.39328656986,64540.82697386143,7.2,21.6,36.0
140,ali_cal_qatar1b-141.fit,2458040.394074074,80.0,comp_4,comparison,534.9791186406161,318.952837293944,68866.15535491944,84.31673830541607,13731.837757715717,55134.31759720372,7.2,21.6,36.0
140,ali_cal_qatar1b-141.fit,2458040.394074074,80.0,comp_5,comparison,491.5768487369601,39.34793140729727,66811.93835583012,83.94255042034969,13670.897457700528,53141.04089812959,7.2,21.6,36.0
141,ali_cal_qatar1b-142.fit,2458040.3951157406,80.0,target,target,470.49966584418956,203.9440744104383,130390.93808789446,84.10544273413356,13697.42612650122,116693.51196139325,7.2,21.6,36.0
141,ali_cal_qatar1b-142.fit,2458040.3951157406,80.0,comp_1,comparison,479.74055078015635,304.5781784967526,102417.6373526532,82.38194597067806,13416.737162395515,89000.90019025769,7.2,21.6,36.0
141,ali_cal_qatar1b-142.fit,2458040.3951157406,80.0,comp_2,comparison,441.0065903665022,348.8417074389071,82582.57059601156,80.23436237088211,13066.981346928507,69515.58924908304,7.2,21.6,36.0
141,ali_cal_qatar1b-142.fit,2458040.3951157406,80.0,comp_3,comparison,444.5167368576684,45.6717098009526,77504.7865338336,81.8830658295177,13335.48946120781,64169.29707262579,7.2,21.6,36.0
141,ali_cal_qatar1b-142.fit,2458040.3951157406,80.0,comp_4,comparison,534.9791186406161,318.952837293944,67543.30399500356,82.13832387569637,13377.060828256906,54166.24316674665,7.2,21.6,36.0
141,ali_cal_qatar1b-142.fit,2458040.3951157406,80.0,comp_5,comparison,491.5768487369601,39.34793140729727,66413.32111851135,82.62839086619195,13456.873218289373,52956.447900221974,7.2,21.6,36.0
142,ali_cal_qatar1b-143.fit,2458040.396157407,80.0,target,target,470.49966584418956,203.9440744104383,129302.61545377671,83.38079155619093,13579.409317425878,115723.20613635084,7.2,21.6,36.0
142,ali_cal_qatar1b-143.fit,2458040.396157407,80.0,comp_1,comparison,479.74055078015635,304.5781784967526,102803.23222287974,82.4749576696703,13431.885062869374,89371.34716001037,7.2,21.6,36.0
142,ali_cal_qatar1b-143.fit,2458040.396157407,80.0,comp_2,comparison,441.0065903665022,348.8417074389071,81720.4018334624,80.7602924683678,13152.634408416881,68567.76742504552,7.2,21.6,36.0
142,ali_cal_qatar1b-143.fit,2458040.396157407,80.0,comp_3,comparison,444.5167368576684,45.6717098009526,77615.93625001214,82.67816615647301,13464.979630185986,64150.956619826145,7.2,21.6,36.0
142,ali_cal_qatar1b-143.fit,2458040.396157407,80.0,comp_4,comparison,534.9791186406161,318.952837293944,67718.59363025971,83.11593445268515,13536.274646334288,54182.31898392542,7.2,21.6,36.0
142,ali_cal_qatar1b-143.fit,2458040.396157407,80.0,comp_5,comparison,491.5768487369601,39.34793140729727,66407.17727962,83.88075371180607,13660.833235664233,52746.34404395576,7.2,21.6,36.0
143,ali_cal_qatar1b-144.fit,2458040.3971875,80.0,target,target,470.49966584418956,203.9440744104383,130453.20097656667,83.06215607566585,13527.516291078333,116925.68468548835,7.2,21.6,36.0
143,ali_cal_qatar1b-144.fit,2458040.3971875,80.0,comp_1,comparison,479.74055078015635,304.5781784967526,102491.39723006617,82.09599404706387,13370.166985459193,89121.23024460698,7.2,21.6,36.0
143,ali_cal_qatar1b-144.fit,2458040.3971875,80.0,comp_2,comparison,441.0065903665022,348.8417074389071,83282.87441343014,81.26480446934464,13234.799315213206,70048.07509821693,7.2,21.6,36.0
143,ali_cal_qatar1b-144.fit,2458040.3971875,80.0,comp_3,comparison,444.5167368576684,45.6717098009526,79130.59625194194,83.02488465892257,13521.44626206624,65609.1499898757,7.2,21.6,36.0
143,ali_cal_qatar1b-144.fit,2458040.3971875,80.0,comp_4,comparison,534.9791186406161,318.952837293944,67587.94419220011,82.95225108115324,13509.617145739678,54078.327046460436,7.2,21.6,36.0
143,ali_cal_qatar1b-144.fit,2458040.3971875,80.0,comp_5,comparison,491.5768487369601,39.34793140729727,67708.13083402217,83.69150049639467,13630.011426123381,54078.11940789879,7.2,21.6,36.0
144,ali_cal_qatar1b-145.fit,2458040.398240741,80.0,target,target,470.49966584418956,203.9440744104383,131065.91143440186,84.03918136046389,13686.634788374033,117379.27664602782,7.2,21.6,36.0
144,ali_cal_qatar1b-145.fit,2458040.398240741,80.0,comp_1,comparison,479.74055078015635,304.5781784967526,102578.4307270174,83.26700119205256,13560.87740015603,89017.55332686138,7.2,21.6,36.0
144,ali_cal_qatar1b-145.fit,2458040.398240741,80.0,comp_2,comparison,441.0065903665022,348.8417074389071,83732.31793546566,81.50421418948059,13273.78962129714,70458.52831416852,7.2,21.6,36.0
144,ali_cal_qatar1b-145.fit,2458040.398240741,80.0,comp_3,comparison,444.5167368576684,45.6717098009526,78232.79512264539,83.47167981296761,13594.211393754047,64638.58372889134,7.2,21.6,36.0
144,ali_cal_qatar1b-145.fit,2458040.398240741,80.0,comp_4,comparison,534.9791186406161,318.952837293944,67969.47133499867,84.06584719315586,13690.9775902371,54278.49374476157,7.2,21.6,36.0
144,ali_cal_qatar1b-145.fit,2458040.398240741,80.0,comp_5,comparison,491.5768487369601,39.34793140729727,66943.70386489225,82.71304099065777,13470.659351371569,53473.044513520676,7.2,21.6,36.0
145,ali_cal_qatar1b-146.fit,2458040.3992708335,80.0,target,target,470.49966584418956,203.9440744104383,130446.6553159261,83.89676064946806,13663.440128143591,116783.21518778251,7.2,21.6,36.0
145,ali_cal_qatar1b-146.fit,2458040.3992708335,80.0,comp_1,comparison,479.74055078015635,304.5781784967526,103145.1251432006,83.72492270966842,13635.454573230383,89509.67056997021,7.2,21.6,36.0
145,ali_cal_qatar1b-146.fit,2458040.3992708335,80.0,comp_2,comparison,441.0065903665022,348.8417074389071,83243.65103833667,81.57464450924428,13285.259914665412,69958.39112367126,7.2,21.6,36.0
145,ali_cal_qatar1b-146.fit,2458040.3992708335,80.0,comp_3,comparison,444.5167368576684,45.6717098009526,78693.07724885896,82.1549960002892,13379.776053188352,65313.3011956706,7.2,21.6,36.0
145,ali_cal_qatar1b-146.fit,2458040.3992708335,80.0,comp_4,comparison,534.9791186406161,318.952837293944,68246.74703933611,83.866856233236,13658.569890036772,54588.17714929934,7.2,21.6,36.0
145,ali_cal_qatar1b-146.fit,2458040.3992708335,80.0,comp_5,comparison,491.5768487369601,39.34793140729727,66073.7557673264,82.57190967498411,13447.674682273675,52626.08108505272,7.2,21.6,36.0
146,ali_cal_qatar1b-147.fit,2458040.4003125,80.0,target,target,470.49966584418956,203.9440744104383,131570.3095171861,84.34977376626048,13737.217918258973,117833.09159892713,7.2,21.6,36.0
146,ali_cal_qatar1b-147.fit,2458040.4003125,80.0,comp_1,comparison,479.74055078015635,304.5781784967526,102881.2287569075,83.84260462016971,13654.62026837585,89226.60848853165,7.2,21.6,36.0
146,ali_cal_qatar1b-147.fit,2458040.4003125,80.0,comp_2,comparison,441.0065903665022,348.8417074389071,82846.17909699847,81.6100158587796,13291.020498421998,69555.15859857647,7.2,21.6,36.0
146,ali_cal_qatar1b-147.fit,2458040.4003125,80.0,comp_3,comparison,444.5167368576684,45.6717098009526,78122.98606821863,82.73178220819888,13473.711549118168,64649.27451910046,7.2,21.6,36.0
146,ali_cal_qatar1b-147.fit,2458040.4003125,80.0,comp_4,comparison,534.9791186406161,318.952837293944,68844.04873222722,84.50272042967333,13762.126836817488,55081.92189540974,7.2,21.6,36.0
146,ali_cal_qatar1b-147.fit,2458040.4003125,80.0,comp_5,comparison,491.5768487369601,39.34793140729727,67284.9250225405,83.67416118891546,13627.1875436782,53657.7374788623,7.2,21.6,36.0
147,ali_cal_qatar1b-148.fit,2458040.4013657407,80.0,target,target,470.49966584418956,203.9440744104383,130715.8139551131,86.48015107501037,14084.171514358804,116631.6424407543,7.2,21.6,36.0
147,ali_cal_qatar1b-148.fit,2458040.4013657407,80.0,comp_1,comparison,479.74055078015635,304.5781784967526,104220.9103180377,85.64101522327323,13947.509712629731,90273.40060540797,7.2,21.6,36.0
147,ali_cal_qatar1b-148.fit,2458040.4013657407,80.0,comp_2,comparison,441.0065903665022,348.8417074389071,83827.069806011,84.56997437327063,13773.079825045037,70053.98998096597,7.2,21.6,36.0
147,ali_cal_qatar1b-148.fit,2458040.4013657407,80.0,comp_3,comparison,444.5167368576684,45.6717098009526,77924.02252105917,85.34755708921591,13899.717073035912,64024.30544802326,7.2,21.6,36.0
147,ali_cal_qatar1b-148.fit,2458040.4013657407,80.0,comp_4,comparison,534.9791186406161,318.952837293944,68259.78121291027,86.25589478247292,14047.64909796603,54212.13211494424,7.2,21.6,36.0
147,ali_cal_qatar1b-148.fit,2458040.4013657407,80.0,comp_5,comparison,491.5768487369601,39.34793140729727,66831.58262993256,86.38229328470511,14068.234378663008,52763.34825126955,7.2,21.6,36.0
148,ali_cal_qatar1b-149.fit,2458040.4023958333,80.0,target,target,470.49966584418956,203.9440744104383,131165.81853728445,86.28014431970391,14051.598381556074,117114.22015572837,7.2,21.6,36.0
148,ali_cal_qatar1b-149.fit,2458040.4023958333,80.0,comp_1,comparison,479.74055078015635,304.5781784967526,103264.54794835582,85.93593248770284,13995.539986434056,89269.00796192176,7.2,21.6,36.0
148,ali_cal_qatar1b-149.fit,2458040.4023958333,80.0,comp_2,comparison,441.0065903665022,348.8417074389071,82547.83987236938,83.98168680231007,13677.271215252169,68870.56865711721,7.2,21.6,36.0
148,ali_cal_qatar1b-149.fit,2458040.4023958333,80.0,comp_3,comparison,444.5167368576684,45.6717098009526,78383.89897983188,85.60018723659665,13940.860460058004,64443.03851977388,7.2,21.6,36.0
148,ali_cal_qatar1b-149.fit,2458040.4023958333,80.0,comp_4,comparison,534.9791186406161,318.952837293944,68674.29733504516,86.23398174850644,14044.080337678872,54630.2169973663,7.2,21.6,36.0
148,ali_cal_qatar1b-149.fit,2458040.4023958333,80.0,comp_5,comparison,491.5768487369601,39.34793140729727,67292.49911298265,85.98408223122824,14003.381661520816,53289.11745146183,7.2,21.6,36.0
149,ali_cal_qatar1b-150.fit,2458040.403449074,80.0,target,target,470.49966584418956,203.9440744104383,131894.94197823704,85.88459218014549,13987.178695568473,117907.76328266857,7.2,21.6,36.0
149,ali_cal_qatar1b-150.fit,2458040.403449074,80.0,comp_1,comparison,479.74055078015635,304.5781784967526,102985.28797347478,83.81555943952127,13650.215685842697,89335.0722876321,7.2,21.6,36.0
149,ali_cal_qatar1b-150.fit,2458040.403449074,80.0,comp_2,comparison,441.0065903665022,348.8417074389071,83671.26791969588,83.83222488816281,13652.929823527627,70018.33809616826,7.2,21.6,36.0
149,ali_cal_qatar1b-150.fit,2458040.403449074,80.0,comp_3,comparison,444.5167368576684,45.6717098009526,77576.64377042625,85.05304634344841,13851.753004927226,63724.890765499025,7.2,21.6,36.0
149,ali_cal_qatar1b-150.fit,2458040.403449074,80.0,comp_4,comparison,534.9791186406161,318.952837293944,67820.04149202032,84.27052369115398,13724.311238096521,54095.7302539238,7.2,21.6,36.0
149,ali_cal_qatar1b-150.fit,2458040.403449074,80.0,comp_5,comparison,491.5768487369601,39.34793140729727,66628.5920335848,85.05667378028383,13852.343769882104,52776.2482637027,7.2,21.6,36.0
150,ali_cal_qatar1b-151.fit,2458040.404490741,80.0,target,target,470.49966584418956,203.9440744104383,130568.41446575386,83.96926079641176,13675.247513904118,116893.16695184974,7.2,21.6,36.0
150,ali_cal_qatar1b-151.fit,2458040.404490741,80.0,comp_1,comparison,479.74055078015635,304.5781784967526,103067.34039430668,83.85106214477628,13655.997662213224,89411.34273209346,7.2,21.6,36.0
150,ali_cal_qatar1b-151.fit,2458040.404490741,80.0,comp_2,comparison,441.0065903665022,348.8417074389071,83301.57146162842,81.70189771792239,13305.984392993629,69995.58706863479,7.2,21.6,36.0
150,ali_cal_qatar1b-151.fit,2458040.404490741,80.0,comp_3,comparison,444.5167368576684,45.6717098009526,77744.37497536626,83.41679999146288,13585.273657069481,64159.10131829677,7.2,21.6,36.0
150,ali_cal_qatar1b-151.fit,2458040.404490741,80.0,comp_4,comparison,534.9791186406161,318.952837293944,68387.96905784403,83.23339008293846,13555.403489441647,54832.56556840239,7.2,21.6,36.0
150,ali_cal_qatar1b-151.fit,2458040.404490741,80.0,comp_5,comparison,491.5768487369601,39.34793140729727,66278.07083785161,84.16131976349972,13706.526268620806,52571.544569230806,7.2,21.6,36.0
151,ali_cal_qatar1b-152.fit,2458040.4055324076,80.0,target,target,470.49966584418956,203.9440744104383,130803.81871704577,84.52960388178235,13766.505080214323,117037.31363683144,7.2,21.6,36.0
151,ali_cal_qatar1b-152.fit,2458040.4055324076,80.0,comp_1,comparison,479.74055078015635,304.5781784967526,104115.4206367448,84.87502117055786,13822.75979622331,90292.6608405215,7.2,21.6,36.0
151,ali_cal_qatar1b-152.fit,2458040.4055324076,80.0,comp_2,comparison,441.0065903665022,348.8417074389071,82854.51753012973,82.68827249349994,13466.625549883163,69387.89198024657,7.2,21.6,36.0
151,ali_cal_qatar1b-152.fit,2458040.4055324076,80.0,comp_3,comparison,444.5167368576684,45.6717098009526,77323.9517354596,84.86735844431544,13821.511843377204,63502.4398920824,7.2,21.6,36.0
151,ali_cal_qatar1b-152.fit,2458040.4055324076,80.0,comp_4,comparison,534.9791186406161,318.952837293944,67933.06976343213,84.3752934409317,13741.374056639772,54191.69570679235,7.2,21.6,36.0
151,ali_cal_qatar1b-152.fit,2458040.4055324076,80.0,comp_5,comparison,491.5768487369601,39.34793140729727,66624.87141447573,84.47020898619071,13756.832017827273,52868.039396648455,7.2,21.6,36.0
152,ali_cal_qatar1b-153.fit,2458040.406574074,80.0,target,target,470.49966584418956,203.9440744104383,130765.9309493301,84.76270583452195,13804.468102270897,116961.4628470592,7.2,21.6,36.0
152,ali_cal_qatar1b-153.fit,2458040.406574074,80.0,comp_1,comparison,479.74055078015635,304.5781784967526,103144.86843446971,83.97875751680448,13676.79415133678,89468.07428313293,7.2,21.6,36.0
152,ali_cal_qatar1b-153.fit,2458040.406574074,80.0,comp_2,comparison,441.0065903665022,348.8417074389071,83172.92655406822,81.75152079530045,13314.066015472024,69858.8605385962,7.2,21.6,36.0
152,ali_cal_qatar1b-153.fit,2458040.406574074,80.0,comp_3,comparison,444.5167368576684,45.6717098009526,78152.43438675899,83.88708998136926,13661.865161559133,64490.569225199855,7.2,21.6,36.0
152,ali_cal_qatar1b-153.fit,2458040.406574074,80.0,comp_4,comparison,534.9791186406161,318.952837293944,67944.23040534114,85.21313276224605,13877.824705212644,54066.40570012849,7.2,21.6,36.0
152,ali_cal_qatar1b-153.fit,2458040.406574074,80.0,comp_5,comparison,491.5768487369601,39.34793140729727,66804.2322044672,84.213345701977,13714.999221449878,53089.232983017326,7.2,21.6,36.0
153,ali_cal_qatar1b-154.fit,2458040.407615741,80.0,target,target,470.49966584418956,203.9440744104383,131871.29217727616,84.52983707372093,13766.543057891487,118104.74911938468,7.2,21.6,36.0
153,ali_cal_qatar1b-154.fit,2458040.407615741,80.0,comp_1,comparison,479.74055078015635,304.5781784967526,102981.2180077348,83.76738631038198,13642.370202171043,89338.84780556375,7.2,21.6,36.0
153,ali_cal_qatar1b-154.fit,2458040.407615741,80.0,comp_2,comparison,441.0065903665022,348.8417074389071,83134.3304726042,82.57688628115272,13448.485173166287,69685.8452994379,7.2,21.6,36.0
153,ali_cal_qatar1b-154.fit,2458040.407615741,80.0,comp_3,comparison,444.5167368576684,45.6717098009526,78022.29774996928,84.21309777919313,13714.958844704845,64307.338905264434,7.2,21.6,36.0
153,ali_cal_qatar1b-154.fit,2458040.407615741,80.0,comp_4,comparison,534.9791186406161,318.952837293944,67933.95160098284,84.5469940367583,13769.337243691121,54164.61435729171,7.2,21.6,36.0
153,ali_cal_qatar1b-154.fit,2458040.407615741,80.0,comp_5,comparison,491.5768487369601,39.34793140729727,66485.01571556732,84.84169161829716,13817.331739904015,52667.683975663305,7.2,21.6,36.0
154,ali_cal_qatar1b-155.fit,2458040.4086458334,80.0,target,target,470.49966584418956,203.9440744104383,131737.22105288226,85.64619152914932,13948.352726649287,117788.86832623297,7.2,21.6,36.0
154,ali_cal_qatar1b-155.fit,2458040.4086458334,80.0,comp_1,comparison,479.74055078015635,304.5781784967526,101524.09723382082,83.99941199656766,13680.15794328104,87843.93929053978,7.2,21.6,36.0
154,ali_cal_qatar1b-155.fit,2458040.4086458334,80.0,comp_2,comparison,441.0065903665022,348.8417074389071,84435.58215552339,83.41078978649989,13584.29483410857,70851.28732141481,7.2,21.6,36.0
154,ali_cal_qatar1b-155.fit,2458040.4086458334,80.0,comp_3,comparison,444.5167368576684,45.6717098009526,77351.10551139731,84.38640035861809,13743.182931066405,63607.92258033091,7.2,21.6,36.0
154,ali_cal_qatar1b-155.fit,2458040.4086458334,80.0,comp_4,comparison,534.9791186406161,318.952837293944,68806.0087719049,83.63912830639642,13621.482082715109,55184.52668918979,7.2,21.6,36.0
154,ali_cal_qatar1b-155.fit,2458040.4086458334,80.0,comp_5,comparison,491.5768487369601,39.34793140729727,67016.28433673899,84.86796775884476,13821.611076440866,53194.67326029812,7.2,21.6,36.0
155,ali_cal_qatar1b-156.fit,2458040.409699074,80.0,target,target,470.49966584418956,203.9440744104383,132650.63664269476,85.01359211608474,13845.327483021345,118805.30915967342,7.2,21.6,36.0
155,ali_cal_qatar1b-156.fit,2458040.409699074,80.0,comp_1,comparison,479.74055078015635,304.5781784967526,102619.86950337331,85.62800849169493,13945.391434202684,88674.47806917063,7.2,21.6,36.0
155,ali_cal_qatar1b-156.fit,2458040.409699074,80.0,comp_2,comparison,441.0065903665022,348.8417074389071,84197.9713726548,84.5653908277894,13772.333348080105,70425.6380245747,7.2,21.6,36.0
155,ali_cal_qatar1b-156.fit,2458040.409699074,80.0,comp_3,comparison,444.5167368576684,45.6717098009526,77907.36068898886,85.33558573800724,13897.767416824798,64009.593272164064,7.2,21.6,36.0
155,ali_cal_qatar1b-156.fit,2458040.409699074,80.0,comp_4,comparison,534.9791186406161,318.952837293944,67955.34182741282,86.09349123192438,14021.200029225589,53934.14179818723,7.2,21.6,36.0
155,ali_cal_qatar1b-156.fit,2458040.409699074,80.0,comp_5,comparison,491.5768487369601,39.34793140729727,66950.70639427866,86.30177113444338,14055.12052813322,52895.58586614544,7.2,21.6,36.0
156,ali_cal_qatar1b-158.fit,2458040.411770833,80.0,target,target,470.49966584418956,203.9440744104383,132461.03866664588,86.52437777003227,14091.374281126193,118369.66438551969,7.2,21.6,36.0
156,ali_cal_qatar1b-158.fit,2458040.411770833,80.0,comp_1,comparison,479.74055078015635,304.5781784967526,103497.86422667954,85.25862297032631,13885.233247922875,89612.63097875666,7.2,21.6,36.0
156,ali_cal_qatar1b-158.fit,2458040.411770833,80.0,comp_2,comparison,441.0065903665022,348.8417074389071,82240.91837570377,83.764571426083,13641.911769654827,68599.00660604893,7.2,21.6,36.0
156,ali_cal_qatar1b-158.fit,2458040.411770833,80.0,comp_3,comparison,444.5167368576684,45.6717098009526,78551.24128575185,85.69832921876795,13956.843879287473,64594.39740646438,7.2,21.6,36.0
156,ali_cal_qatar1b-158.fit,2458040.411770833,80.0,comp_4,comparison,534.9791186406161,318.952837293944,67659.66511786624,85.4388569832914,13914.586188681727,53745.078929184514,7.2,21.6,36.0
156,ali_cal_qatar1b-158.fit,2458040.411770833,80.0,comp_5,comparison,491.5768487369601,39.34793140729727,67177.40536468988,85.29028924994503,13890.390423388317,53287.01494130157,7.2,21.6,36.0
157,ali_cal_qatar1b-159.fit,2458040.4128240743,80.0,target,target,470.49966584418956,203.9440744104383,130911.63951239488,85.56544101147723,13935.201684165788,116976.43782822909,7.2,21.6,36.0
157,ali_cal_qatar1b-159.fit,2458040.4128240743,80.0,comp_1,comparison,479.74055078015635,304.5781784967526,102297.05381143867,84.9525208832594,13835.3814120789,88461.67239935977,7.2,21.6,36.0
157,ali_cal_qatar1b-159.fit,2458040.4128240743,80.0,comp_2,comparison,441.0065903665022,348.8417074389071,83102.83968271573,84.66958078914614,13789.301742186515,69313.5379405292,7.2,21.6,36.0
157,ali_cal_qatar1b-159.fit,2458040.4128240743,80.0,comp_3,comparison,444.5167368576684,45.6717098009526,77583.6592240601,84.6656423337077,13788.660324691204,63794.9988993689,7.2,21.6,36.0
157,ali_cal_qatar1b-159.fit,2458040.4128240743,80.0,comp_4,comparison,534.9791186406161,318.952837293944,67506.1952890417,85.53829758105842,13930.781100659,53575.4141883827,7.2,21.6,36.0
157,ali_cal_qatar1b-159.fit,2458040.4128240743,80.0,comp_5,comparison,491.5768487369601,39.34793140729727,66718.28376800554,85.14274782009655,13866.361802050023,52851.92196595552,7.2,21.6,36.0
158,ali_cal_qatar1b-160.fit,2458040.413865741,80.0,target,target,470.49966584418956,203.9440744104383,131112.75798559876,85.25432908219659,13884.533944601468,117228.22404099729,7.2,21.6,36.0
158,ali_cal_qatar1b-160.fit,2458040.413865741,80.0,comp_1,comparison,479.74055078015635,304.5781784967526,100652.21104182063,83.82850987550273,13652.324795959657,86999.88624586097,7.2,21.6,36.0
158,ali_cal_qatar1b-160.fit,2458040.413865741,80.0,comp_2,comparison,441.0065903665022,348.8417074389071,81406.63587441802,83.34029928282345,13572.814739178448,67833.82113523957,7.2,21.6,36.0
158,ali_cal_qatar1b-160.fit,2458040.413865741,80.0,comp_3,comparison,444.5167368576684,45.6717098009526,77079.84793579424,83.91775520903504,13666.859305540185,63412.988630254054,7.2,21.6,36.0
158,ali_cal_qatar1b-160.fit,2458040.413865741,80.0,comp_4,comparison,534.9791186406161,318.952837293944,66865.64904001117,83.80521869812202,13648.531591011199,53217.11744899997,7.2,21.6,36.0
158,ali_cal_qatar1b-160.fit,2458040.413865741,80.0,comp_5,comparison,491.5768487369601,39.34793140729727,65172.28895794875,84.48783135253102,13759.701999284758,51412.586958664,7.2,21.6,36.0
159,ali_cal_qatar1b-161.fit,2458040.4148958335,80.0,target,target,470.49966584418956,203.9440744104383,130546.14946340898,85.22819586228331,13880.27788414244,116665.87157926653,7.2,21.6,36.0
159,ali_cal_qatar1b-161.fit,2458040.4148958335,80.0,comp_1,comparison,479.74055078015635,304.5781784967526,101940.40974495301,83.66053168483992,13624.967840420639,88315.44190453237,7.2,21.6,36.0
159,ali_cal_qatar1b-161.fit,2458040.4148958335,80.0,comp_2,comparison,441.0065903665022,348.8417074389071,82107.71512586978,84.7633387786085,13804.571183648106,68303.14394222168,7.2,21.6,36.0
159,ali_cal_qatar1b-161.fit,2458040.4148958335,80.0,comp_3,comparison,444.5167368576684,45.6717098009526,77303.85291254314,83.04344775371194,13524.46945071243,63779.38346183071,7.2,21.6,36.0
159,ali_cal_qatar1b-161.fit,2458040.4148958335,80.0,comp_4,comparison,534.9791186406161,318.952837293944,67208.85385150611,84.32525863183857,13733.22537946708,53475.628472039025,7.2,21.6,36.0
159,ali_cal_qatar1b-161.fit,2458040.4148958335,80.0,comp_5,comparison,491.5768487369601,39.34793140729727,65931.80920252267,84.34850567937521,13737.011397421935,52194.79780510073,7.2,21.6,36.0
160,ali_cal_qatar1b-162.fit,2458040.415949074,80.0,target,target,470.49966584418956,203.9440744104383,131074.37672706757,85.43243362995652,13913.540080309562,117160.83664675802,7.2,21.6,36.0
160,ali_cal_qatar1b-162.fit,2458040.415949074,80.0,comp_1,comparison,479.74055078015635,304.5781784967526,101386.31015127167,83.51994145421789,13602.071292522538,87784.23885874913,7.2,21.6,36.0
160,ali_cal_qatar1b-162.fit,2458040.415949074,80.0,comp_2,comparison,441.0065903665022,348.8417074389071,82552.65819900145,83.78867420107862,13645.837151523276,68906.82104747818,7.2,21.6,36.0
160,ali_cal_qatar1b-162.fit,2458040.415949074,80.0,comp_3,comparison,444.5167368576684,45.6717098009526,76586.27637565038,83.4527161156438,13591.122962913734,62995.15341273665,7.2,21.6,36.0
160,ali_cal_qatar1b-162.fit,2458040.415949074,80.0,comp_4,comparison,534.9791186406161,318.952837293944,67724.66110219798,83.68445463504936,13628.863935995067,54095.79716620291,7.2,21.6,36.0
160,ali_cal_qatar1b-162.fit,2458040.415949074,80.0,comp_5,comparison,491.5768487369601,39.34793140729727,66206.385907811,85.30887575208742,13893.417424159838,52312.96848365116,7.2,21.6,36.0
161,ali_cal_qatar1b-163.fit,2458040.4169791667,80.0,target,target,470.49966584418956,203.9440744104383,128964.15153017157,86.13945625825662,14028.685900913808,114935.46562925776,7.2,21.6,36.0
161,ali_cal_qatar1b-163.fit,2458040.4169791667,80.0,comp_1,comparison,479.74055078015635,304.5781784967526,100811.93455727022,85.15152752803144,13867.791666716814,86944.1428905534,7.2,21.6,36.0
161,ali_cal_qatar1b-163.fit,2458040.4169791667,80.0,comp_2,comparison,441.0065903665022,348.8417074389071,81796.75802687925,84.783838108278,13807.909707822795,67988.84831905646,7.2,21.6,36.0
161,ali_cal_qatar1b-163.fit,2458040.4169791667,80.0,comp_3,comparison,444.5167368576684,45.6717098009526,75913.6551062529,85.18471407126088,13873.196432561948,62040.458673690955,7.2,21.6,36.0
161,ali_cal_qatar1b-163.fit,2458040.4169791667,80.0,comp_4,comparison,534.9791186406161,318.952837293944,66959.41632356618,85.00149564229044,13843.357449325518,53116.05887424067,7.2,21.6,36.0
161,ali_cal_qatar1b-163.fit,2458040.4169791667,80.0,comp_5,comparison,491.5768487369601,39.34793140729727,66519.98056837314,86.2167119108301,14041.26776909712,52478.71279927602,7.2,21.6,36.0
162,ali_cal_qatar1b-164.fit,2458040.4180092593,80.0,target,target,470.49966584418956,203.9440744104383,128814.05723981012,87.04997883483396,14176.973756297966,114637.08348351215,7.2,21.6,36.0
162,ali_cal_qatar1b-164.fit,2458040.4180092593,80.0,comp_1,comparison,479.74055078015635,304.5781784967526,100180.69518089574,87.50491959433069,14251.06548261869,85929.62969827704,7.2,21.6,36.0
162,ali_cal_qatar1b-164.fit,2458040.4180092593,80.0,comp_2,comparison,441.0065903665022,348.8417074389071,81510.34664502383,86.74344033147712,14127.050845625807,67383.29579939802,7.2,21.6,36.0
162,ali_cal_qatar1b-164.fit,2458040.4180092593,80.0,comp_3,comparison,444.5167368576684,45.6717098009526,76380.27522885939,86.58371595921392,14101.038108298058,62279.23712056133,7.2,21.6,36.0
162,ali_cal_qatar1b-164.fit,2458040.4180092593,80.0,comp_4,comparison,534.9791186406161,318.952837293944,66963.47908825561,86.05388973483807,14014.75052294865,52948.72856530696,7.2,21.6,36.0
162,ali_cal_qatar1b-164.fit,2458040.4180092593,80.0,comp_5,comparison,491.5768487369601,39.34793140729727,65950.00730997088,87.06392978182433,14179.245809801083,51770.7615001698,7.2,21.6,36.0
163,ali_cal_qatar1b-165.fit,2458040.419050926,80.0,target,target,470.49966584418956,203.9440744104383,127358.97821323494,86.65234502126066,14112.215048540651,113246.76316469429,7.2,21.6,36.0
163,ali_cal_qatar1b-165.fit,2458040.419050926,80.0,comp_1,comparison,479.74055078015635,304.5781784967526,99405.25853312321,84.59699833154747,13777.48095129929,85627.77758182392,7.2,21.6,36.0
163,ali_cal_qatar1b-165.fit,2458040.419050926,80.0,comp_2,comparison,441.0065903665022,348.8417074389071,81481.15449827458,86.17296361483358,14034.142914473063,67447.01158380152,7.2,21.6,36.0
163,ali_cal_qatar1b-165.fit,2458040.419050926,80.0,comp_3,comparison,444.5167368576684,45.6717098009526,76181.02135453613,85.83522947913255,13979.139478027384,62201.88187650875,7.2,21.6,36.0
163,ali_cal_qatar1b-165.fit,2458040.419050926,80.0,comp_4,comparison,534.9791186406161,318.952837293944,66851.98264649164,85.7354321854705,13962.886474498448,52889.096171993195,7.2,21.6,36.0
163,ali_cal_qatar1b-165.fit,2458040.419050926,80.0,comp_5,comparison,491.5768487369601,39.34793140729727,65338.888997983624,85.30890555615844,13893.422278055707,51445.46671992792,7.2,21.6,36.0
164,ali_cal_qatar1b-166.fit,2458040.4200925925,80.0,target,target,470.49966584418956,203.9440744104383,122631.28320644703,86.5202706169585,14090.705389506466,108540.57781694057,7.2,21.6,36.0
164,ali_cal_qatar1b-166.fit,2458040.4200925925,80.0,comp_1,comparison,479.74055078015635,304.5781784967526,95450.60861200315,84.05734530407281,13689.59297119385,81761.0156408093,7.2,21.6,36.0
164,ali_cal_qatar1b-166.fit,2458040.4200925925,80.0,comp_2,comparison,441.0065903665022,348.8417074389071,77139.92785226025,84.21760885364645,13715.693519026348,63424.23433323391,7.2,21.6,36.0
164,ali_cal_qatar1b-166.fit,2458040.4200925925,80.0,comp_3,comparison,444.5167368576684,45.6717098009526,73855.71437968817,85.37811455997934,13904.693667710264,59951.02071197791,7.2,21.6,36.0
164,ali_cal_qatar1b-166.fit,2458040.4200925925,80.0,comp_4,comparison,534.9791186406161,318.952837293944,63854.24511766723,83.72372872204318,13635.260120210922,50218.98499745631,7.2,21.6,36.0
164,ali_cal_qatar1b-166.fit,2458040.4200925925,80.0,comp_5,comparison,491.5768487369601,39.34793140729727,63766.25867280581,85.93284680631243,13995.037451859347,49771.22122094646,7.2,21.6,36.0
165,ali_cal_qatar1b-167.fit,2458040.421134259,80.0,target,target,470.49966584418956,203.9440744104383,126717.92923102708,86.93441032818302,14158.152250448395,112559.7769805787,7.2,21.6,36.0
165,ali_cal_qatar1b-167.fit,2458040.421134259,80.0,comp_1,comparison,479.74055078015635,304.5781784967526,98943.05456635004,86.3377206279403,14060.975268509723,84882.07929784032,7.2,21.6,36.0
165,ali_cal_qatar1b-167.fit,2458040.421134259,80.0,comp_2,comparison,441.0065903665022,348.8417074389071,79249.35388075732,85.22149154019527,13879.186017153292,65370.16786360403,7.2,21.6,36.0
165,ali_cal_qatar1b-167.fit,2458040.421134259,80.0,comp_3,comparison,444.5167368576684,45.6717098009526,75967.3283631615,85.76188913296002,13967.195257283362,62000.13310587814,7.2,21.6,36.0
165,ali_cal_qatar1b-167.fit,2458040.421134259,80.0,comp_4,comparison,534.9791186406161,318.952837293944,65056.85321086914,86.08110466954727,14019.182751655837,51037.6704592133,7.2,21.6,36.0
165,ali_cal_qatar1b-167.fit,2458040.421134259,80.0,comp_5,comparison,491.5768487369601,39.34793140729727,65908.82675657509,88.20494769276941,14365.072172948472,51543.754583626614,7.2,21.6,36.0
166,ali_cal_qatar1b-168.fit,2458040.4221643517,80.0,target,target,470.49966584418956,203.9440744104383,120671.3939280984,84.282030034977,13726.185163128936,106945.20876496947,7.2,21.6,36.0
166,ali_cal_qatar1b-168.fit,2458040.4221643517,80.0,comp_1,comparison,479.74055078015635,304.5781784967526,95388.7511535976,82.89653775315307,13500.543664051267,81888.20748954633,7.2,21.6,36.0
166,ali_cal_qatar1b-168.fit,2458040.4221643517,80.0,comp_2,comparison,441.0065903665022,348.8417074389071,76579.35444860574,83.02916392965466,13522.143184795881,63057.211263809855,7.2,21.6,36.0
166,ali_cal_qatar1b-168.fit,2458040.4221643517,80.0,comp_3,comparison,444.5167368576684,45.6717098009526,72297.10392763076,84.44357559195944,13752.49449889721,58544.60942873354,7.2,21.6,36.0
166,ali_cal_qatar1b-168.fit,2458040.4221643517,80.0,comp_4,comparison,534.9791186406161,318.952837293944,63367.35385118092,83.25109433691632,13558.286807133147,49809.06704404777,7.2,21.6,36.0
166,ali_cal_qatar1b-168.fit,2458040.4221643517,80.0,comp_5,comparison,491.5768487369601,39.34793140729727,63637.30357891093,85.02615290481346,13847.373135123149,49789.93044378778,7.2,21.6,36.0
167,ali_cal_qatar1b-169.fit,2458040.4232060187,80.0,target,target,470.49966584418956,203.9440744104383,123776.36893579079,85.17806204485024,13872.113082455351,109904.25585333543,7.2,21.6,36.0
167,ali_cal_qatar1b-169.fit,2458040.4232060187,80.0,comp_1,comparison,479.74055078015635,304.5781784967526,96285.28606779144,85.33101137540615,13897.02243538522,82388.26363240622,7.2,21.6,36.0
167,ali_cal_qatar1b-169.fit,2458040.4232060187,80.0,comp_2,comparison,441.0065903665022,348.8417074389071,77690.9075836043,85.31825035384907,13894.94417333232,63795.96341027199,7.2,21.6,36.0
167,ali_cal_qatar1b-169.fit,2458040.4232060187,80.0,comp_3,comparison,444.5167368576684,45.6717098009526,74414.39373810517,85.41334488909357,13910.431284858061,60503.962453247106,7.2,21.6,36.0
167,ali_cal_qatar1b-169.fit,2458040.4232060187,80.0,comp_4,comparison,534.9791186406161,318.952837293944,63860.18976129712,85.29563661360905,13891.261295907125,49968.928465389996,7.2,21.6,36.0
167,ali_cal_qatar1b-169.fit,2458040.4232060187,80.0,comp_5,comparison,491.5768487369601,39.34793140729727,64076.80827766839,84.81738102461107,13813.37251264973,50263.43576501866,7.2,21.6,36.0
168,ali_cal_qatar1b-170.fit,2458040.4242361113,80.0,target,target,470.49966584418956,203.9440744104383,121342.5363893605,85.13014031700908,13864.308542040131,107478.22784732036,7.2,21.6,36.0
168,ali_cal_qatar1b-170.fit,2458040.4242361113,80.0,comp_1,comparison,479.74055078015635,304.5781784967526,93841.55588122923,83.33791169764453,13572.425896666644,80269.12998456259,7.2,21.6,36.0
168,ali_cal_qatar1b-170.fit,2458040.4242361113,80.0,comp_2,comparison,441.0065903665022,348.8417074389071,76440.44927351217,83.66070553600318,13624.996153849454,62815.45311966272,7.2,21.6,36.0
168,ali_cal_qatar1b-170.fit,2458040.4242361113,80.0,comp_3,comparison,444.5167368576684,45.6717098009526,73288.4422875124,83.19498599119378,13549.148992794017,59739.29329471839,7.2,21.6,36.0
168,ali_cal_qatar1b-170.fit,2458040.4242361113,80.0,comp_4,comparison,534.9791186406161,318.952837293944,62944.523294867206,83.45410511825362,13591.349176105403,49353.1741187618,7.2,21.6,36.0
168,ali_cal_qatar1b-170.fit,2458040.4242361113,80.0,comp_5,comparison,491.5768487369601,39.34793140729727,63599.85905745063,84.92350549919024,13830.655961895185,49769.203095555444,7.2,21.6,36.0
169,ali_cal_qatar1b-171.fit,2458040.425266204,80.0,target,target,470.49966584418956,203.9440744104383,121314.08961858455,86.47265007234137,14082.949899840252,107231.13971874429,7.2,21.6,36.0
169,ali_cal_qatar1b-171.fit,2458040.425266204,80.0,comp_1,comparison,479.74055078015635,304.5781784967526,95018.06421867672,83.81968396265941,13650.88740635394,81367.17681232278,7.2,21.6,36.0
169,ali_cal_qatar1b-171.fit,2458040.425266204,80.0,comp_2,comparison,441.0065903665022,348.8417074389071,76494.87529347488,83.67424053047334,13627.200465257261,62867.67482821761,7.2,21.6,36.0
169,ali_cal_qatar1b-171.fit,2458040.425266204,80.0,comp_3,comparison,444.5167368576684,45.6717098009526,73406.00374123415,84.46965861972976,13756.742385055642,59649.261356178504,7.2,21.6,36.0
169,ali_cal_qatar1b-171.fit,2458040.425266204,80.0,comp_4,comparison,534.9791186406161,318.952837293944,63331.79917373546,84.78295109167749,13807.765248154506,49524.03392558095,7.2,21.6,36.0
169,ali_cal_qatar1b-171.fit,2458040.425266204,80.0,comp_5,comparison,491.5768487369601,39.34793140729727,62769.884301979946,85.80970516485918,13974.982584040223,48794.90171793972,7.2,21.6,36.0
170,ali_cal_qatar1b-172.fit,2458040.426296296,80.0,target,target,470.49966584418956,203.9440744104383,122194.71410349614,87.67138066145574,14278.175359170813,107916.53874432533,7.2,21.6,36.0
170,ali_cal_qatar1b-172.fit,2458040.426296296,80.0,comp_1,comparison,479.74055078015635,304.5781784967526,96334.98624914314,85.1196646227207,13862.60246875909,82472.38378038406,7.2,21.6,36.0
170,ali_cal_qatar1b-172.fit,2458040.426296296,80.0,comp_2,comparison,441.0065903665022,348.8417074389071,77942.37431750743,85.00822009984884,13844.452595580657,64097.921721926774,7.2,21.6,36.0
170,ali_cal_qatar1b-172.fit,2458040.426296296,80.0,comp_3,comparison,444.5167368576684,45.6717098009526,74192.0834642965,84.14244420927851,13703.452192780564,60488.631271515944,7.2,21.6,36.0
170,ali_cal_qatar1b-172.fit,2458040.426296296,80.0,comp_4,comparison,534.9791186406161,318.952837293944,64635.59711412118,85.6888280148103,13955.296511660692,50680.300602460484,7.2,21.6,36.0
170,ali_cal_qatar1b-172.fit,2458040.426296296,80.0,comp_5,comparison,491.5768487369601,39.34793140729727,64078.809830820996,85.00534046286593,13843.983617431772,50234.82621338923,7.2,21.6,36.0
171,ali_cal_qatar1b-173.fit,2458040.4273263887,80.0,target,target,470.49966584418956,203.9440744104383,120591.37075295346,85.0687421927243,13854.309233501266,106737.0615194522,7.2,21.6,36.0
171,ali_cal_qatar1b-173.fit,2458040.4273263887,80.0,comp_1,comparison,479.74055078015635,304.5781784967526,94163.4614107078,83.82315754116058,13651.453113915397,80512.0082967924,7.2,21.6,36.0
171,ali_cal_qatar1b-173.fit,2458040.4273263887,80.0,comp_2,comparison,441.0065903665022,348.8417074389071,75871.77966292623,83.78417228027809,13645.103967967158,62226.67569495907,7.2,21.6,36.0
171,ali_cal_qatar1b-173.fit,2458040.4273263887,80.0,comp_3,comparison,444.5167368576684,45.6717098009526,71918.28031937369,84.76004778265218,13804.035211509694,58114.245107864,7.2,21.6,36.0
171,ali_cal_qatar1b-173.fit,2458040.4273263887,80.0,comp_4,comparison,534.9791186406161,318.952837293944,62571.47920751144,83.81011544658179,13649.32907626432,48922.15013124712,7.2,21.6,36.0
171,ali_cal_qatar1b-173.fit,2458040.4273263887,80.0,comp_5,comparison,491.5768487369601,39.34793140729727,62252.35504462299,85.32742226446774,13896.437912192185,48355.91713243081,7.2,21.6,36.0
172,ali_cal_qatar1b-174.fit,2458040.4283564813,80.0,target,target,470.49966584418956,203.9440744104383,120780.59909497041,84.75128599097911,13802.608264688226,106977.99083028219,7.2,21.6,36.0
172,ali_cal_qatar1b-174.fit,2458040.4283564813,80.0,comp_1,comparison,479.74055078015635,304.5781784967526,94224.64141327544,83.8651433423278,13658.290928343982,80566.35048493146,7.2,21.6,36.0
172,ali_cal_qatar1b-174.fit,2458040.4283564813,80.0,comp_2,comparison,441.0065903665022,348.8417074389071,76371.54722995145,83.91856319480661,13666.990894234776,62704.556335716676,7.2,21.6,36.0
172,ali_cal_qatar1b-174.fit,2458040.4283564813,80.0,comp_3,comparison,444.5167368576684,45.6717098009526,71923.48064850472,84.48147090197077,13758.666135268732,58164.814513235986,7.2,21.6,36.0
172,ali_cal_qatar1b-174.fit,2458040.4283564813,80.0,comp_4,comparison,534.9791186406161,318.952837293944,62550.8946426678,84.26476765335588,13723.373808841554,48827.520833826246,7.2,21.6,36.0
172,ali_cal_qatar1b-174.fit,2458040.4283564813,80.0,comp_5,comparison,491.5768487369601,39.34793140729727,62194.751293904505,85.43189734697759,13913.452741176112,48281.29855272839,7.2,21.6,36.0
173,ali_cal_qatar1b-175.fit,2458040.429386574,80.0,target,target,470.49966584418956,203.9440744104383,118920.839605977,83.64512023394563,13622.457929013432,105298.38167696357,7.2,21.6,36.0
173,ali_cal_qatar1b-175.fit,2458040.429386574,80.0,comp_1,comparison,479.74055078015635,304.5781784967526,91674.91225375763,83.52093900140201,13602.233753219707,78072.67850053792,7.2,21.6,36.0
173,ali_cal_qatar1b-175.fit,2458040.429386574,80.0,comp_2,comparison,441.0065903665022,348.8417074389071,75008.18451068309,82.55244930986778,13444.505364035635,61563.67914664745,7.2,21.6,36.0
173,ali_cal_qatar1b-175.fit,2458040.429386574,80.0,comp_3,comparison,444.5167368576684,45.6717098009526,70076.45495681402,83.13978267162653,13540.158571162206,56536.29638565182,7.2,21.6,36.0
173,ali_cal_qatar1b-175.fit,2458040.429386574,80.0,comp_4,comparison,534.9791186406161,318.952837293944,62320.904254620225,82.46022949411538,13429.486429795421,48891.417824824806,7.2,21.6,36.0
173,ali_cal_qatar1b-175.fit,2458040.429386574,80.0,comp_5,comparison,491.5768487369601,39.34793140729727,62017.145109478806,83.69828012923985,13631.115558234726,48386.02955124408,7.2,21.6,36.0
174,ali_cal_qatar1b-176.fit,2458040.4304166664,80.0,target,target,470.49966584418956,203.9440744104383,115680.41303017607,85.57712946181948,13937.105267095638,101743.30776308043,7.2,21.6,36.0
174,ali_cal_qatar1b-176.fit,2458040.4304166664,80.0,comp_1,comparison,479.74055078015635,304.5781784967526,91886.24467711407,83.16667990020363,13544.539058196882,78341.70561891719,7.2,21.6,36.0
174,ali_cal_qatar1b-176.fit,2458040.4304166664,80.0,comp_2,comparison,441.0065903665022,348.8417074389071,73608.78497426624,83.3582934527872,13575.74527263471,60033.039701631526,7.2,21.6,36.0
174,ali_cal_qatar1b-176.fit,2458040.4304166664,80.0,comp_3,comparison,444.5167368576684,45.6717098009526,69453.61425196091,83.47252217004969,13594.348580165875,55859.26567179504,7.2,21.6,36.0
174,ali_cal_qatar1b-176.fit,2458040.4304166664,80.0,comp_4,comparison,534.9791186406161,318.952837293944,60930.07898547046,83.46698893850306,13593.44743717338,47336.63154829708,7.2,21.6,36.0
174,ali_cal_qatar1b-176.fit,2458040.4304166664,80.0,comp_5,comparison,491.5768487369601,39.34793140729727,59801.93410402055,83.95691243570775,13673.236457865078,46128.69764615547,7.2,21.6,36.0
175,ali_cal_qatar1b-177.fit,2458040.431446759,80.0,target,target,470.49966584418956,203.9440744104383,113672.06575144426,84.64465739342319,13785.242713892521,99886.82303755173,7.2,21.6,36.0
175,ali_cal_qatar1b-177.fit,2458040.431446759,80.0,comp_1,comparison,479.74055078015635,304.5781784967526,89951.59832068309,82.17915015856559,13383.709803346288,76567.8885173368,7.2,21.6,36.0
175,ali_cal_qatar1b-177.fit,2458040.431446759,80.0,comp_2,comparison,441.0065903665022,348.8417074389071,73013.65779081889,82.19528843567366,13386.338085789264,59627.31970502963,7.2,21.6,36.0
175,ali_cal_qatar1b-177.fit,2458040.431446759,80.0,comp_3,comparison,444.5167368576684,45.6717098009526,67918.7796567913,82.96576904000571,13511.818682724012,54406.96097406729,7.2,21.6,36.0
175,ali_cal_qatar1b-177.fit,2458040.431446759,80.0,comp_4,comparison,534.9791186406161,318.952837293944,60738.930014230056,82.17571558326499,13383.15044785244,47355.77956637762,7.2,21.6,36.0
175,ali_cal_qatar1b-177.fit,2458040.431446759,80.0,comp_5,comparison,491.5768487369601,39.34793140729727,59683.26173400831,82.50733440352201,13437.15794302712,46246.103790981186,7.2,21.6,36.0
176,ali_cal_qatar1b-178.fit,2458040.4324768516,80.0,target,target,470.49966584418956,203.9440744104383,113528.41931209383,83.50795015030869,13600.11838681136,99928.30092528247,7.2,21.6,36.0
176,ali_cal_qatar1b-178.fit,2458040.4324768516,80.0,comp_1,comparison,479.74055078015635,304.5781784967526,89388.642876937,82.46206064867805,13429.784651926271,75958.85822501073,7.2,21.6,36.0
176,ali_cal_qatar1b-178.fit,2458040.4324768516,80.0,comp_2,comparison,441.0065903665022,348.8417074389071,71608.93867717459,82.39618094651037,13419.055472882173,58189.88320429242,7.2,21.6,36.0
176,ali_cal_qatar1b-178.fit,2458040.4324768516,80.0,comp_3,comparison,444.5167368576684,45.6717098009526,68153.68431774422,83.27772984072251,13562.624669628927,54591.05964811529,7.2,21.6,36.0
176,ali_cal_qatar1b-178.fit,2458040.4324768516,80.0,comp_4,comparison,534.9791186406161,318.952837293944,59548.99305774848,82.5130668197566,13438.091525270398,46110.90153247808,7.2,21.6,36.0
176,ali_cal_qatar1b-178.fit,2458040.4324768516,80.0,comp_5,comparison,491.5768487369601,39.34793140729727,58885.779835478155,83.53236762543233,13604.095020794002,45281.68481468415,7.2,21.6,36.0
177,ali_cal_qatar1b-179.fit,2458040.433506944,80.0,target,target,470.49966584418956,203.9440744104383,111331.54602005704,82.23403222154512,13392.647905077807,97938.89811497924,7.2,21.6,36.0
177,ali_cal_qatar1b-179.fit,2458040.433506944,80.0,comp_1,comparison,479.74055078015635,304.5781784967526,87165.70706688365,83.08271627417194,13530.86472836168,73634.84233852198,7.2,21.6,36.0
177,ali_cal_qatar1b-179.fit,2458040.433506944,80.0,comp_2,comparison,441.0065903665022,348.8417074389071,71593.97858639408,82.12908768688726,13375.556621040458,58218.42196535362,7.2,21.6,36.0
177,ali_cal_qatar1b-179.fit,2458040.433506944,80.0,comp_3,comparison,444.5167368576684,45.6717098009526,65895.45771783935,81.67168073915497,13301.063250901301,52594.39446693805,7.2,21.6,36.0
177,ali_cal_qatar1b-179.fit,2458040.433506944,80.0,comp_4,comparison,534.9791186406161,318.952837293944,58216.22166460064,82.64864399679267,13460.171646443549,44756.0500181571,7.2,21.6,36.0
177,ali_cal_qatar1b-179.fit,2458040.433506944,80.0,comp_5,comparison,491.5768487369601,39.34793140729727,57000.86792976348,83.20858818153772,13551.364247732794,43449.503682030685,7.2,21.6,36.0
178,ali_cal_qatar1b-180.fit,2458040.434537037,80.0,target,target,470.49966584418956,203.9440744104383,106986.16412886267,81.29847239216448,13240.282478616975,93745.88165024569,7.2,21.6,36.0
178,ali_cal_qatar1b-180.fit,2458040.434537037,80.0,comp_1,comparison,479.74055078015635,304.5781784967526,84439.29044798749,81.61596060810322,13291.9886612668,71147.30178672068,7.2,21.6,36.0
178,ali_cal_qatar1b-180.fit,2458040.434537037,80.0,comp_2,comparison,441.0065903665022,348.8417074389071,68601.09950464929,79.9871203149397,13026.715465357194,55574.3840392921,7.2,21.6,36.0
178,ali_cal_qatar1b-180.fit,2458040.434537037,80.0,comp_3,comparison,444.5167368576684,45.6717098009526,63715.64709337544,80.54121867594691,13116.956014838677,50598.691078536765,7.2,21.6,36.0
178,ali_cal_qatar1b-180.fit,2458040.434537037,80.0,comp_4,comparison,534.9791186406161,318.952837293944,57242.84896314646,81.43126228751451,13261.908662639958,43980.9403005065,7.2,21.6,36.0
178,ali_cal_qatar1b-180.fit,2458040.434537037,80.0,comp_5,comparison,491.5768487369601,39.34793140729727,55132.78936373349,81.38633083148846,13254.591118380446,41878.19824535305,7.2,21.6,36.0
179,ali_cal_qatar1b-181.fit,2458040.4355671294,80.0,target,target,470.49966584418956,203.9440744104383,99613.39525846462,81.33672091827547,13246.51163982012,86366.8836186445,7.2,21.6,36.0
179,ali_cal_qatar1b-181.fit,2458040.4355671294,80.0,comp_1,comparison,479.74055078015635,304.5781784967526,78825.36741365581,79.71176993284337,12981.87185720224,65843.49555645356,7.2,21.6,36.0
179,ali_cal_qatar1b-181.fit,2458040.4355671294,80.0,comp_2,comparison,441.0065903665022,348.8417074389071,64498.58466218204,78.40963566778802,12769.806058336373,51728.77860384567,7.2,21.6,36.0
179,ali_cal_qatar1b-181.fit,2458040.4355671294,80.0,comp_3,comparison,444.5167368576684,45.6717098009526,60461.64803358492,78.3862937933284,12766.00459685337,47695.64343673155,7.2,21.6,36.0
179,ali_cal_qatar1b-181.fit,2458040.4355671294,80.0,comp_4,comparison,534.9791186406161,318.952837293944,53047.745853950786,80.36517144822382,13088.284934607462,39959.46091934333,7.2,21.6,36.0
179,ali_cal_qatar1b-181.fit,2458040.4355671294,80.0,comp_5,comparison,491.5768487369601,39.34793140729727,52279.39657256893,79.89240002656845,13011.289303738293,39268.10726883063,7.2,21.6,36.0
180,ali_cal_qatar1b-182.fit,2458040.436597222,80.0,target,target,470.49966584418956,203.9440744104383,97245.59475552733,79.96469979006025,13023.064055017148,84222.53070051018,7.2,21.6,36.0
180,ali_cal_qatar1b-182.fit,2458040.436597222,80.0,comp_1,comparison,479.74055078015635,304.5781784967526,78207.59583843753,79.42958216078733,12935.914710602847,65271.68112783468,7.2,21.6,36.0
180,ali_cal_qatar1b-182.fit,2458040.436597222,80.0,comp_2,comparison,441.0065903665022,348.8417074389071,62564.98684381024,78.20429169078683,12736.363704737605,49828.62313907264,7.2,21.6,36.0
180,ali_cal_qatar1b-182.fit,2458040.436597222,80.0,comp_3,comparison,444.5167368576684,45.6717098009526,59223.203779821415,78.57216253270207,12796.275210074498,46426.92856974692,7.2,21.6,36.0
180,ali_cal_qatar1b-182.fit,2458040.436597222,80.0,comp_4,comparison,534.9791186406161,318.952837293944,52268.10997033809,79.26746913881053,12909.512957393004,39358.59701294509,7.2,21.6,36.0
180,ali_cal_qatar1b-182.fit,2458040.436597222,80.0,comp_5,comparison,491.5768487369601,39.34793140729727,50575.622457379985,79.52192378257249,12950.953482193428,37624.668975186556,7.2,21.6,36.0
